Workbook

Sheet Hoja1
A1: ID | B1: TGs_mg_dL | C1: Glucose_mmol_L | D1: BMI | E1: Waist_Circumference | F1: Height | G1: Height_cm | I1: TyG_index | J1: TyG_BMI | K1: TyG_WC | L1: TyG_WHtR | M1: ABSI
A2: MI_001 | B2: 195 | C2: 4.773 | D2: 29.668407 | E2: 97.6 | F2: 1.732 | G2: =F2*100 -> 173.2 | I2: =LN(B2*(C2/2)) -> 6.1428274 | J2: =I2*D2 -> 182.24791 | K2: =I2*E2 -> 599.53996 | L2: =(I2*E2)/G2 -> 3.4615471 | M2: =E2/(D2^(2/3)) * (G2^(1/2)) -> 134.02761
A3: MI_002 | B3: 100 | C3: 4.8285 | D3: 30.428737 | E3: 89.3 | F3: 1.496 | G3: =F3*100 -> 149.6 | I3: =LN(B3*(C3/2)) -> 5.4865589 | J3: =I3*D3 -> 166.94906 | K3: =I3*E3 -> 489.94971 | L3: =(I3*E3)/G3 -> 3.2750649 | M3: =E3/(D3^(2/3)) * (G3^(1/2)) -> 112.06276
A4: MI_003 | B4: 76 | C4: 4.7175 | D4: 24.36943 | E4: 92.8 | F4: 1.831 | G4: =F4*100 -> 183.1 | I4: =LN(B4*(C4/2)) -> 5.1888652 | J4: =I4*D4 -> 126.44969 | K4: =I4*E4 -> 481.52669 | L4: =(I4*E4)/G4 -> 2.6298563 | M4: =E4/(D4^(2/3)) * (G4^(1/2)) -> 149.39242
A5: MI_005 | B5: 114 | C5: 3.552 | D5: 21.033119 | E5: 73.3 | F5: 1.696 | G5: =F5*100 -> 169.6 | I5: =LN(B5*(C5/2)) -> 5.3105621 | J5: =I5*D5 -> 111.69768 | K5: =I5*E5 -> 389.2642 | L5: =(I5*E5)/G5 -> 2.2951899 | M5: =E5/(D5^(2/3)) * (G5^(1/2)) -> 125.27982
A6: MI_006 | B6: 306 | C6: 4.4955 | D6: 26.058238 | E6: 88.2 | F6: 1.646 | G6: =F6*100 -> 164.6 | I6: =LN(B6*(C6/2)) -> 6.5335148 | J6: =I6*D6 -> 170.25188 | K6: =I6*E6 -> 576.25601 | L6: =(I6*E6)/G6 -> 3.5009478 | M6: =E6/(D6^(2/3)) * (G6^(1/2)) -> 128.74197
A7: MI_008 | B7: 126 | C7: 4.4955 | D7: 32.335392 | E7: 105.2 | F7: 1.808 | G7: =F7*100 -> 180.8 | I7: =LN(B7*(C7/2)) -> 5.6462116 | J7: =I7*D7 -> 182.57247 | K7: =I7*E7 -> 593.98146 | L7: =(I7*E7)/G7 -> 3.2852957 | M7: =E7/(D7^(2/3)) * (G7^(1/2)) -> 139.36793
A8: MI_011 | B8: 54 | C8: 4.1625 | D8: 28.312713 | E8: 76.9 | F8: 1.481 | G8: =F8*100 -> 148.1 | I8: =LN(B8*(C8/2)) -> 4.7219527 | J8: =I8*D8 -> 133.69129 | K8: =I8*E8 -> 363.11816 | L8: =(I8*E8)/G8 -> 2.4518445 | M8: =E8/(D8^(2/3)) * (G8^(1/2)) -> 100.74331
A9: MI_012 | B9: 128 | C9: 4.3845 | D9: 33.455439 | E9: 113.4 | F9: 1.701 | G9: =F9*100 -> 170.1 | I9: =LN(B9*(C9/2)) -> 5.6369587 | J9: =I9*D9 -> 188.58693 | K9: =I9*E9 -> 639.23111 | L9: =(I9*E9)/G9 -> 3.7579725 | M9: =E9/(D9^(2/3)) * (G9^(1/2)) -> 142.44725
A10: MI_013 | B10: 154 | C10: 7.437 | D10: 34.751615 | E10: 111.5 | F10: 1.675 | G10: =F10*100 -> 167.5 | I10: =LN(B10*(C10/2)) -> 6.350273 | J10: =I10*D10 -> 220.68224 | K10: =I10*E10 -> 708.05544 | L10: =(I10*E10)/G10 -> 4.2271966 | M10: =E10/(D10^(2/3)) * (G10^(1/2)) -> 135.50821
A11: MI_014 | B11: 76 | C11: 4.329 | D11: 28.492882 | E11: 90 | F11: 1.583 | G11: =F11*100 -> 158.3 | I11: =LN(B11*(C11/2)) -> 5.1029227 | J11: =I11*D11 -> 145.39698 | K11: =I11*E11 -> 459.26305 | L11: =(I11*E11)/G11 -> 2.9012195 | M11: =E11/(D11^(2/3)) * (G11^(1/2)) -> 121.38324
A12: MI_017 | B12: 446 | C12: 18.5925 | D12: 41.805259 | E12: 131.3 | F12: 1.69 | G12: =F12*100 -> 169 | I12: =LN(B12*(C12/2)) -> 8.32993 | J12: =I12*D12 -> 348.23488 | K12: =I12*E12 -> 1093.7198 | L12: =(I12*E12)/G12 -> 6.4717149 | M12: =E12/(D12^(2/3)) * (G12^(1/2)) -> 141.70575
A13: MI_018 | B13: 68 | C13: 4.218 | D13: 33.510216 | E13: 97.7 | F13: 1.481 | G13: =F13*100 -> 148.1 | I13: =LN(B13*(C13/2)) -> 4.9657216 | J13: =I13*D13 -> 166.4024 | K13: =I13*E13 -> 485.151 | L13: =(I13*E13)/G13 -> 3.2758339 | M13: =E13/(D13^(2/3)) * (G13^(1/2)) -> 114.38979
... A312: MI_457 | B312: 407 | C312: 5.106 | D312: 29.711641 | E312: 100.6 | F312: 1.752 | G312: =F312*100 -> 175.2 | I312: =LN(B312*(C312/2)) -> 6.9460823 | J312: =I312*D312 -> 206.3795 | K312: =I312*E312 -> 698.77588 | L312: =(I312*E312)/G312 -> 3.9884468 | M312: =E312/(D312^(2/3)) * (G312^(1/2)) -> 138.80782

Sheet DB_integrated_polypenols_intake
A1: ID | B1: Ciudad | C1: Sex | D1: Age | E1: Age_range | F1: ApoB_mg_dL | G1: HDL_mg_dL | H1: HDL_class | I1: VLDL_mg_dL | J1: LDL_mg_dL | K1: T.Cholesterol_mg_dL_ | L1: TGs_mg_dL | M1: Atherogenic_index | N1: Atherogenic_index_AIP | O1: Atherogenic_index_AIP_Class | P1: Creatinine_mg_dL_ | Q1: hsCRP_mg_L | R1: Glucose_mg_dL | S1: HbA1c | T1: Leptina_ng_mL | U1: Adiponectin_ug_ml | V1: Lep_Adip | W1: Insulin_uU_mL | X1: Glucose_mmol_L | Y1: beta_cell_function | Z1: HOMA-B | AA1: Insulin_Sensibility | AB1: HOMA-S | AC1: HOMA_IR | AD1: Quicki | AE1: Weight | AF1: Height | AG1: BMI | AH1: BMI_CLAS | AI1: Perc_fat | AJ1: Waist_Circumference | AK1: WC.CLAS | AL1: WC8689 | AM1: Smoking_status | AN1: Alcohol_use | AO1: Physical_activity_IPAQ | AP1: Systolic_BP | AQ1: Diastolic_BP | AR1: Calories | AS1: FIBER | AT1: Ca | AU1: P | AV1: Fe_total | AW1: Na | AX1: K | AY1: Mg | AZ1: Zn | BA1: Cu | BB1: Mn | BC1: Vit_A_ER | BD1: B1 | BE1: B2 | BF1: B3 | BG1: Ac_pantoenico | BH1: B6 | BI1: Folic | BJ1: B12 | BK1: Vit_C | BL1: Acetic_A_Feces | BM1: Propionic_A_Feces | BN1: Butyric_A_Feces | BO1: Isobutyric_A_Feces | BP1: chs_class | BQ1: a_hypertension | BR1: a_triglycerides | BS1: a_cholesterol | BT1: a_glucose | BU1: a_inflammation | BV1: a_insulin_resist | BW1: Acetic_A_Plasma | BX1: Propionic_A_Plasma | BY1: Isobutyric_A_Plasmas | BZ1: Butyric_A_Plasma | CA1: Valeric_A_Plasma | CB1: DII_score | CC1: E_DII | CD1: E_DII_tertiles | CE1: E_DII_class | CF1: RFM | CH1: Prevotella | CI1: Lachnospiraceae | CJ1: Pathogen | CK1: Akkermansia-Bacteroidales | CL1: Ruminococcaceae | CM1: TPC_Folin | CN1: TPC_Folin_1000 | CO1: TPC_Chr | CP1: Chromatography_only | CQ1: Chromatography_AH | CR1: T.Flavonoids | CS1: T.Phenolic.A | CT1: Other_polyphenols_chr | CU1: Other_polyphenols_chrah | CV1: T.Other_polyphenols | CW1: Lignans_chr.otu | CX1: Lignans_chrah.otu | CY1: T._Lignans | CZ1: Stilbenes_chr | DA1: S.Alkylphenols_chr | DB1: S.Anthocyanins_chr | DC1: S.Curcuminoids_chr | DD1: S.Flavanols_chr | DE1: S.Flavanones_chr | DF1: S.Flavanones_chrah | DG1: T.Subgroup.Flavanones | DH1: S.Flavones_chr | DI1: S.Flavones_chrah | DJ1: T.Subgroup.Flavones | DK1: S.Flavonols_chr | DL1: S.Flavonols_chrah | DM1: T.Subgroup.Flavonols | DN1: S.Hydroxybenzoic_acids_chr | DO1: S.Hydroxybenzoic_acids_chrah | DP1: T.Subgroup.Hydroxybenzoic_acids | DQ1: S.Hydroxycinnamic_acids_chr | DR1: S.Hydroxycinnamic_acids_chrah | DS1: T.Subgroup.Hydroxycinnamic_acids | DT1: S.Lignans_chr | DU1: S.Lignans_chrah | DV1: T.Subgroup.Lignans | DW1: TPC_Folin_Tertil | DX1: TPC_Chr_Tertil | DY1: T.Flavonoids_Tertil | DZ1: T.Phenolic.A_Tertil | EA1: TPC_Folin_KCAL_Adj | EB1: TPC_Folin_KCAL_Adj510 | EC1: TPC_Chr_KCAL_Adj | ED1: T.Flavonoids_KCAL_Adj | EE1: T.Phenolic.A_KCAL_Adj | EF1: TPC_Folin_Tertil_Kcal_Adj | EG1: TPC_Chr_Tertil_Kcal_Adj | EH1: T.Flavonoids_Tertil_Kcal_Adj | EI1: T.Phenolic.A_Tertil_Kcal_Adj | EJ1: Actividad fisica | EK1: Alcohol | EL1: Tabaquismo_bin | EM1: Tabaquismo_st | EN1: MISREP_CV_REN_2000 | EO1: SD1_MISREP_Huang_2000
A2: MI_001 | B2: Medellín | C2: Men | D2: 36 | E2: 18-40 | F2: 145 | G2: 38 | H2: Low | I2: 39 | J2: 93 | K2: 170 | L2: 195 | M2: 4.4736842 | N2: =LOG10(L2/G2) -> 0.71025101 | O2: =IF(N2<0.1,"Low", IF(N2<=0.26, "Medium", "High")) -> High | P2: 238.1 | Q2: 1.71 | R2: 86 | S2: 5.47 | T2: 8.24 | U2: 5.33 | V2: 1.5459662 | W2: 15.09 | X2: 4.773 | Y2: 164.4 | Z2: 237.07777 | AA2: 52.4 | AB2: 31.23934 | AC2: 3.201092 | AD2: 0.32080916 | AE2: 89 | AF2: 1.732 | AG2: 29.668407 | AH2: Overweight | AI2: 37.550852 | AJ2: 97.6 | AK2: Central.Obesity | AL2: Abdominal obesity | AM2: No | AN2: No | AO2: Vigorous | AP2: 146 | AQ2: 99 | AR2: 1771.49 | AS2: 18.9036 | AT2: 398.486 | AU2: 914.752 | AV2: 12.5163 | AW2: 1175.25 | AX2: 3091.55 | AY2: 262.821 | AZ2: 9.88282 | BA2: 1.42345 | BB2: 4.85994 | BC2: 584.185 | BD2: 0.908231 | BE2: 1.66133 | BF2: 17.023 | BG2: 4.63822 | BH2: 1.37515 | BI2: 355.183 | BJ2: 7.44281 | BK2: 138.548 | BL2: 50.70667 | BM2: 29.783369 | BN2: 14.501366 | BO2: 2.860847 | BP2: Abnormal | BQ2: TRUE | BR2: TRUE | BS2: TRUE | BT2: FALSE | BU2: FALSE | BV2: TRUE | BW2: NA | BX2: NA | BY2: NA | BZ2: NA | CA2: NA | CB2: 0.64832725 | CC2: 0.36607976 | CD2: =IF(CC2<=_xlfn.PERCENTILE.EXC(CC$2:CC$312, 1/3), "Low", IF(CC2<=_xlfn.PERCENTILE.EXC(CC$2:CC$312, 2/3), "Medium", "High")) -> High | CE2: =IF(CC2<MEDIAN(CC2:CC460),"antiinflamatoria","proinflamatoria") -> proinflamatoria | CF2: 28.508197 | CG2: High-fat | CH2: 0.12843216 | CI2: 0.24201771 | CJ2: 0.056390305 | CK2: 0.061667114 | CL2: 0.33592702 | CM2: 2358.252 | CN2: =IF(CM2>1000, "High","low") -> High | CO2: 2077.596 | CP2: 1473.834 | CQ2: 603.762 | CR2: 514.473 | CS2: 1521.643 | CT2: 12.573 | CU2: 0 | CV2: 12.573 | CW2: 0.07 | CX2: 28.348 | CY2: 28.418 | CZ2: 0.49 | DA2: 1.566 | DB2: 102.203 | DC2: 0 | DD2: 375.408 | DE2: 0.045 | DF2: 0 | DG2: 0.045 | DH2: 3.97 | DI2: 0 | DJ2: 3.97 | DK2: 25.495 | DL2: 7.336 | DM2: 32.83 | DN2: 8.169 | DO2: 64.349 | DP2: 72.519 | DQ2: 945.37 | DR2: 503.705 | DS2: 1449.075 | DT2: 0.07 | DU2: 28.348 | DV2: 28.418 | DW2: HIGH | DX2: HIGH | DY2: HIGH | DZ2: HIGH | EA2: 1331.225 | EB2: =IF(EA2<510,"low","high") -> high | EC2: 1172.796 | ED2: 290.418 | EE2: 858.962 | EF2: HIGH | EG2: HIGH | EH2: HIGH | EI2: HIGH | EJ2: High | EK2: Never | EL2: No | EM2: Never | EN2: Plausible_reporter | EO2: Plausible_reporter
A3: MI_002 | B3: Medellín | C3: Female | D3: 40 | E3: 18-40 | F3: 194 | G3: 52 | H3: Normal | I3: 20 | J3: 130 | K3: 202 | L3: 100 | M3: 3.8846154 | N3: =LOG10(L3/G3) -> 0.28399666 | O3: =IF(N3<0.1,"Low", IF(N3<=0.26, "Medium", "High")) -> High | P3: 174 | Q3: 0.32 | R3: 87 | S3: 5.81 | T3: 15.99 | U3: 2.57 | V3: 6.2217899 | W3: 13.57 | X3: 4.8285 | Y3: 149.6 | Z3: 204.29055 | AA3: 57.9 | AB3: 34.339221 | AC3: 2.912122 | AD3: 0.32509442 | AE3: 68.1 | AF3: 1.496 | AG3: 30.428737 | AH3: Obesity | AI3: 41.009938 | AJ3: 89.3 | AK3: Central.Obesity | AL3: Abdominal obesity | AM3: No | AN3: No | AO3: Vigorous | AP3: 121 | AQ3: 92 | AR3: 1907.88 | AS3: 12.8072 | AT3: 371.436 | AU3: 789.12 | AV3: 11.8963 | AW3: 1358.08 | AX3: 2363.98 | AY3: 192.844 | AZ3: 10.2749 | BA3: 0.953254 | BB3: 2.6991 | BC3: 557.06 | BD3: 0.734734 | BE3: 1.35422 | BF3: 13.8384 | BG3: 4.27433 | BH3: 1.36977 | BI3: 292.189 | BJ3: 7.07541 | BK3: 88.0594 | BL3: 26.363714 | BM3: 7.4569935 | BN3: 2.0536974 | BO3: 0.3514284 | BP3: Healthy | BQ3: TRUE | BR3: FALSE | BS3: FALSE | BT3: FALSE | BU3: FALSE | BV3: FALSE | BW3: 66.581879 | BX3: 17.227598 | BY3: 7.565891 | BZ3: 2.9983526 | CA3: 14.298405 | CB3: 1.6717028 | CC3: 0.87615451 | CD3: =IF(CC3<=_xlfn.PERCENTILE.EXC(CC$2:CC$312, 1/3), "Low", IF(CC3<=_xlfn.PERCENTILE.EXC(CC$2:CC$312, 2/3), "Medium", "High")) -> High | CE3: =IF(CC3<MEDIAN(CC3:CC460),"antiinflamatoria","proinflamatoria") -> proinflamatoria | CF3: 42.494961 | CG3: High-fat | CH3: 0.048837151 | CI3: 0.11060327 | CJ3: 0.080098987 | CK3: 0.27794753 | CL3: 0.17577839 | CM3: 797.09 | CN3: =IF(CM3>1000, "High","low") -> low | CO3: 658.269 | CP3: 425.019 | CQ3: 233.25 | CR3: 5.193 | CS3: 640.761 | CT3: 6.921 | CU3: 0 | CV3: 6.921 | CW3: 0 | CX3: 5.394 | CY3: 5.394 | CZ3: 0 | DA3: 2.659 | DB3: 0 | DC3: 0 | DD3: 0.196 | DE3: 0.016 | DF3: 0.117 | DG3: 0.134 | DH3: 0 | DI3: 0.027 | DJ3: 0.027 | DK3: 3.567 | DL3: 1.268 | DM3: 4.836 | DN3: 0.164 | DO3: 1.139 | DP3: 1.304 | DQ3: 414.131 | DR3: 225.282 | DS3: 639.413 | DT3: 0 | DU3: 5.394 | DV3: 5.394 | DW3: MEDIUM | DX3: MEDIUM | DY3: LOW | DZ3: HIGH | EA3: 417.789 | EB3: =IF(EA3<510,"low","high") -> low | EC3: 345.026 | ED3: 2.722 | EE3: 335.85 | EF3: MEDIUM | EG3: MEDIUM | EH3: LOW | EI3: HIGH | EJ3: High | EK3: Never | EL3: No | EM3: Never | EN3: Plausible_reporter | EO3: Plausible_reporter
A4: MI_003 | B4: Medellín | C4: Men | D4: 53 | E4: 41-60 | F4: 161 | G4: 51 | H4: Normal | I4: 15 | J4: 119 | K4: 185 | L4: 76 | M4: 3.627451 | N4: =LOG10(L4/G4) -> 0.17324342 | O4: =IF(N4<0.1,"Low", IF(N4<=0.26, "Medium", "High")) -> Medium | P4: 287.2 | Q4: 1.84 | R4: 85 | S4: 5.55 | T4: 0.73 | U4: 3.44 | V4: 0.2122093 | W4: 6.28 | X4: 4.7175 | Y4: 93.2 | Z4: 103.16222 | AA4: 124.1 | AB4: 75.94706 | AC4: 1.3167067 | AD4: 0.36612483 | AE4: 81.7 | AF4: 1.831 | AG4: 24.36943 | AH4: Normal | AI4: 34.020382 | AJ4: 92.8 | AK4: Central.Obesity | AL4: Abdominal obesity | AM4: No | AN4: No | AO4: Vigorous | AP4: 127 | AQ4: 92 | AR4: 1801.75 | AS4: 13.456 | AT4: 392.781 | AU4: 797.58 | AV4: 11.3643 | AW4: 663.655 | AX4: 2623.48 | AY4: 206.965 | AZ4: 9.70054 | BA4: 1.20799 | BB4: 2.78184 | BC4: 596.267 | BD4: 1.34948 | BE4: 1.55709 | BF4: 24.0108 | BG4: 7.10066 | BH4: 1.42279 | BI4: 267.949 | BJ4: 7.42483 | BK4: 177.954 | BL4: 7.4565408 | BM4: 6.827195 | BN4: 5.7142122 | BO4: 0.03816311 | BP4: Healthy | BQ4: TRUE | BR4: FALSE | BS4: FALSE | BT4: FALSE | BU4: FALSE | BV4: FALSE | BW4: NA | BX4: NA | BY4: NA | BZ4: NA | CA4: NA | CB4: 0.45580349 | CC4: 0.25294311 | CD4: =IF(CC4<=_xlfn.PERCENTILE.EXC(CC$2:CC$312, 1/3), "Low", IF(CC4<=_xlfn.PERCENTILE.EXC(CC$2:CC$312, 2/3), "Medium", "High")) -> Medium | CE4: =IF(CC4<MEDIAN(CC4:CC460),"antiinflamatoria","proinflamatoria") -> proinflamatoria | CF4: 24.538793 | CG4: High-fat | CH4: 0.079271755 | CI4: 0.73606147 | CJ4: 0.16051445 | CK4: 0.009988308 | CL4: 3.34e-05 | CM4: 1215.964 | CN4: =IF(CM4>1000, "High","low") -> High | CO4: 1013.403 | CP4: 700.31 | CQ4: 313.093 | CR4: 11.726 | CS4: 989.353 | CT4: 7.765 | CU4: 0 | CV4: 7.765 | CW4: 0 | CX4: 4.559 | CY4: 4.559 | CZ4: 0 | DA4: 0.79 | DB4: 0 | DC4: 0 | DD4: 11.635 | DE4: 0 | DF4: 0 | DG4: 0 | DH4: 0 | DI4: 0.003 | DJ4: 0.003 | DK4: 0 | DL4: 0.087 | DM4: 0.087 | DN4: 0.168 | DO4: 0.714 | DP4: 0.882 | DQ4: 680.742 | DR4: 307.729 | DS4: 988.471 | DT4: 0 | DU4: 4.559 | DV4: 4.559 | DW4: MEDIUM | DX4: HIGH | DY4: LOW | DZ4: HIGH | EA4: 674.879 | EB4: =IF(EA4<510,"low","high") -> high | EC4: 562.455 | ED4: 6.508 | EE4: 549.107 | EF4: HIGH | EG4: HIGH | EH4: LOW | EI4: HIGH | EJ4: High | EK4: Never | EL4: No | EM4: Never | EN4: Plausible_reporter | EO4: Plausible_reporter
A5: MI_004 | B5: Medellín | C5: Men | D5: 58 | E5: 41-60 | F5: 177 | G5: 59 | H5: Normal | I5: 20 | J5: 120 | K5: 199 | L5: 99 | M5: 3.3728814 | N5: =LOG10(L5/G5) -> 0.22478318 | O5: =IF(N5<0.1,"Low", IF(N5<=0.26, "Medium", "High")) -> Medium | P5: 121.1 | Q5: 0.86 | R5: 96 | S5: 5.63 | T5: 0.64 | U5: 12.37 | V5: 0.051738076 | W5: 6.54 | X5: 5.328 | Y5: 75.1 | Z5: 71.553611 | AA5: 115.5 | AB5: 64.571452 | AC5: 1.548672 | AD5: 0.35691605 | AE5: 66.8 | AF5: 1.757 | AG5: 21.638788 | AH5: Normal | AI5: 30.640649 | AJ5: 84.7 | AK5: Central.Obesity | AL5: Normal | AM5: No | AN5: No | AO5: Vigorous | AP5: 97 | AQ5: 59 | AR5: 1573.49 | AS5: 16.1338 | AT5: 799.755 | AU5: 1166.71 | AV5: 12.4575 | AW5: 1034.02 | AX5: 2724.94 | AY5: 229.234 | AZ5: 10.733 | BA5: 1.1141 | BB5: 2.68538 | BC5: 807.204 | BD5: 1.01088 | BE5: 1.8481 | BF5: 16.4262 | BG5: 4.91171 | BH5: 1.43836 | BI5: 323.679 | BJ5: 7.22339 | BK5: 153.856 | BL5: 13.464381 | BM5: 3.5852428 | BN5: 1.5412695 | BO5: 0.25111173 | BP5: Abnormal | BQ5: TRUE | BR5: FALSE | BS5: TRUE | BT5: FALSE | BU5: FALSE | BV5: FALSE | BW5: 56.424786 | BX5: 17.167625 | BY5: 6.3225581 | BZ5: 2.0557708 | CA5: 10.256934 | CB5: -0.11540175 | CC5: -0.073364111 | CD5: =IF(CC5<=_xlfn.PERCENTILE.EXC(CC$2:CC$312, 1/3), "Low", IF(CC5<=_xlfn.PERCENTILE.EXC(CC$2:CC$312, 2/3), "Medium", "High")) -> Medium | CE5: =IF(CC5<MEDIAN(CC5:CC460),"antiinflamatoria","proinflamatoria") -> antiinflamatoria | CF5: 22.512397 | CG5: High-fat | CH5: 0.26156337 | CI5: 0.35349214 | CJ5: 0.05226642 | CK5: 0.020120259 | CL5: 0.062904718 | CM5: 1291.03 | CN5: =IF(CM5>1000, "High","low") -> High | CO5: 1110.581 | CP5: 687.856 | CQ5: 422.724 | CR5: 94.895 | CS5: 895.324 | CT5: 6.926 | CU5: 0 | CV5: 6.926 | CW5: 0 | CX5: 113.359 | CY5: 113.359 | CZ5: 0.076 | DA5: 0.705 | DB5: 14.6 | DC5: 0 | DD5: 49.374 | DE5: 0 | DF5: 0 | DG5: 0 | DH5: 0.067 | DI5: 0.267 | DJ5: 0.334 | DK5: 21.161 | DL5: 9.378 | DM5: 30.539 | DN5: 1.608 | DO5: 15.236 | DP5: 16.844 | DQ5: 594.021 | DR5: 284.459 | DS5: 878.48 | DT5: 0 | DU5: 113.359 | DV5: 113.359 | DW5: MEDIUM | DX5: HIGH | DY5: MEDIUM | DZ5: HIGH | EA5: 820.488 | EB5: =IF(EA5<510,"low","high") -> high | EC5: 705.807 | ED5: 60.309 | EE5: 569.005 | EF5: HIGH | EG5: HIGH | EH5: MEDIUM | EI5: HIGH | EJ5: High | EK5: Never | EL5: No | EM5: Never | EN5: Under_reporter | EO5: Under_reporter
A6: MI_005 | B6: Medellín | C6: Female | D6: 44 | E6: 41-60 | F6: 112 | G6: 73 | H6: Normal | I6: 23 | J6: 63 | K6: 159 | L6: 114 | M6: 2.1780822 | N6: =LOG10(L6/G6) -> 0.19358199 | O6: =IF(N6<0.1,"Low", IF(N6<=0.26, "Medium", "High")) -> Medium | P6: 45.1 | Q6: 0.43 | R6: 64 | S6: 5.3 | T6: 12.25 | U6: 28.21 | V6: 0.43424318 | W6: 6.66 | X6: 3.552 | Y6: 172 | Z6: 2561.5385 | AA6: 127.3 | AB6: 95.112004 | AC6: 1.051392 | AD6: 0.37971062 | AE6: 60.5 | AF6: 1.696 | AG6: 21.033119 | AH6: Normal | AI6: 35.292696 | AJ6: 73.3 | AK6: Normal | AL6: Normal | AM6: Yes | AN6: Yes | AO6: Vigorous | AP6: 109 | AQ6: 74 | AR6: 2211.42 | AS6: 21.4724 | AT6: 404.349 | AU6: 937.622 | AV6: 14.2588 | AW6: 1381.54 | AX6: 4460.18 | AY6: 254.658 | AZ6: 10.8368 | BA6: 1.68263 | BB6: 3.07767 | BC6: 826.435 | BD6: 1.23758 | BE6: 1.68742 | BF6: 16.597 | BG6: 5.13946 | BH6: 2.29504 | BI6: 344.378 | BJ6: 7.14631 | BK6: 313.462 | BL6: 4.930575 | BM6: 1.0200424 | BN6: 0.22303216 | BO6: 0 | BP6: Abnormal | BQ6: TRUE | BR6: FALSE | BS6: TRUE | BT6: FALSE | BU6: FALSE | BV6: FALSE | BW6: 40.980047 | BX6: 15.646197 | BY6: 5.7817664 | BZ6: 2.4794914 | CA6: 9.4219261 | CB6: -1.5069869 | CC6: -0.68158611 | CD6: =IF(CC6<=_xlfn.PERCENTILE.EXC(CC$2:CC$312, 1/3), "Low", IF(CC6<=_xlfn.PERCENTILE.EXC(CC$2:CC$312, 2/3), "Medium", "High")) -> Low | CE6: =IF(CC6<MEDIAN(CC6:CC460),"antiinflamatoria","proinflamatoria") -> antiinflamatoria | CF6: 29.72442 | CG6: Normal | CH6: 0.000302115 | CI6: 0.37175227 | CJ6: 0.034516616 | CK6: 0.18066465 | CL6: 0.000679758 | CM6: 1242.238 | CN6: =IF(CM6>1000, "High","low") -> High | CO6: 247.292 | CP6: 132.09 | CQ6: 115.202 | CR6: 87.692 | CS6: 144.355 | CT6: 0.455 | CU6: 0 | CV6: 0.455 | CW6: 0 | CX6: 14.791 | CY6: 14.791 | CZ6: 0 | DA6: 0.447 | DB6: 0 | DC6: 0 | DD6: 73.136 | DE6: 1.614 | DF6: 2.109 | DG6: 3.722 | DH6: 4.348 | DI6: 0.335 | DJ6: 4.683 | DK6: 3.186 | DL6: 2.965 | DM6: 6.151 | DN6: 0.565 | DO6: 5.558 | DP6: 6.124 | DQ6: 48.744 | DR6: 89.403 | DS6: 138.147 | DT6: 0 | DU6: 14.791 | DV6: 14.791 | DW6: MEDIUM | DX6: LOW | DY6: MEDIUM | DZ6: MEDIUM | EA6: 561.738 | EB6: =IF(EA6<510,"low","high") -> high | EC6: 111.825 | ED6: 39.654 | EE6: 65.277 | EF6: MEDIUM | EG6: LOW | EH6: MEDIUM | EI6: MEDIUM | EJ6: High | EK6: Moderate drinker | EL6: Yes | EM6: Current | EN6: Plausible_reporter | EO6: Plausible_reporter
A7: MI_006 | B7: Medellín | C7: Men | D7: 43 | E7: 41-60 | F7: 164 | G7: 41 | H7: Normal | I7: 61 | J7: 76 | K7: 178 | L7: 306 | M7: 4.3414634 | N7: =LOG10(L7/G7) -> 0.87293757 | O7: =IF(N7<0.1,"Low", IF(N7<=0.26, "Medium", "High")) -> High | P7: 126.7 | Q7: 1.47 | R7: 81 | S7: 5.5 | T7: 1.53 | U7: 6.2 | V7: 0.24677419 | W7: 9.25 | X7: 4.4955 | Y7: 133.1 | Z7: 185.83626 | AA7: 85.9 | AB7: 54.108162 | AC7: 1.84815 | AD7: 0.34739628 | AE7: 70.6 | AF7: 1.646 | AG7: 26.058238 | AH7: Overweight | AI7: 34.747373 | AJ7: 88.2 | AK7: Central.Obesity | AL7: Normal | AM7: No | AN7: No | AO7: Moderate | AP7: 129 | AQ7: 83 | AR7: 2024.59 | AS7: 14.9162 | AT7: 664.086 | AU7: 1051.93 | AV7: 16.4337 | AW7: 1304.5 | AX7: 3130.73 | AY7: 221.634 | AZ7: 10.1849 | BA7: 1.26617 | BB7: 3.24282 | BC7: 1157.33 | BD7: 1.16729 | BE7: 1.93663 | BF7: 15.051 | BG7: 5.23267 | BH7: 1.76864 | BI7: 413.701 | BJ7: 7.03612 | BK7: 134.591 | BL7: 0 | BM7: 0 | BN7: 0 | BO7: 0 | BP7: Abnormal | BQ7: FALSE | BR7: TRUE | BS7: TRUE | BT7: FALSE | BU7: FALSE | BV7: FALSE | BW7: 30.10226 | BX7: 9.9790076 | BY7: 2.4179386 | BZ7: 1.3007114 | CA7: 4.4506583 | CB7: -0.20697779 | CC7: -0.10221126 | CD7: =IF(CC7<=_xlfn.PERCENTILE.EXC(CC$2:CC$312, 1/3), "Low", IF(CC7<=_xlfn.PERCENTILE.EXC(CC$2:CC$312, 2/3), "Medium", "High")) -> Medium | CE7: =IF(CC7<MEDIAN(CC7:CC460),"antiinflamatoria","proinflamatoria") -> antiinflamatoria | CF7: 26.675737 | CG7: High-fat | CH7: 0.05868517 | CI7: 0.35050374 | CJ7: 0.004037791 | CK7: 0.098063429 | CL7: 0.13044416 | CM7: 491.546 | CN7: =IF(CM7>1000, "High","low") -> low | CO7: 409.751 | CP7: 400.112 | CQ7: 9.639 | CR7: 383.705 | CS7: 24.337 | CT7: 0.039 | CU7: 0 | CV7: 0.039 | CW7: 0 | CX7: 1.67 | CY7: 1.67 | CZ7: 0 | DA7: 0 | DB7: 0 | DC7: 0 | DD7: 33.581 | DE7: 0 | DF7: 0 | DG7: 0 | DH7: 0 | DI7: 0.001 | DJ7: 0.001 | DK7: 349.654 | DL7: 0.424 | DM7: 350.077 | DN7: 0.121 | DO7: 0.284 | DP7: 0.405 | DQ7: 16.67 | DR7: 7.258 | DS7: 23.928 | DT7: 0 | DU7: 1.67 | DV7: 1.67 | DW7: LOW | DX7: MEDIUM | DY7: HIGH | DZ7: LOW | EA7: 242.788 | EB7: =IF(EA7<510,"low","high") -> low | EC7: 202.387 | ED7: 189.522 | EE7: 12.021 | EF7: LOW | EG7: MEDIUM | EH7: HIGH | EI7: LOW | EJ7: Moderate | EK7: Never | EL7: No | EM7: Never | EN7: Plausible_reporter | EO7: Plausible_reporter
A8: MI_007 | B8: Medellín | C8: Men | D8: 20 | E8: 18-40 | F8: 179 | G8: 34 | H8: Low | I8: 37 | J8: 101 | K8: 172 | L8: 186 | M8: 5.0588235 | N8: =LOG10(L8/G8) -> 0.73803403 | O8: =IF(N8<0.1,"Low", IF(N8<=0.26, "Medium", "High")) -> High | P8: 164.4 | Q8: 1.68 | R8: 75 | S8: 5.4 | T8: 3.07 | U8: 4.56 | V8: 0.67324561 | W8: 6.09 | X8: 4.1625 | Y8: 117.6 | Z8: 183.84906 | AA8: 132.5 | AB8: 88.758709 | AC8: 1.12665 | AD8: 0.3754305 | AE8: 59.1 | AF8: 1.719 | AG8: 20.000264 | AH8: Normal | AI8: 30.844561 | AJ8: 73 | AK8: Normal | AL8: Normal | AM8: No | AN8: Yes | AO8: Light | AP8: 110 | AQ8: 74 | AR8: 2873.47 | AS8: 38.7493 | AT8: 731.104 | AU8: 2139.1 | AV8: 20.293 | AW8: 805.025 | AX8: 5553.79 | AY8: 487.868 | AZ8: 11.6089 | BA8: 4.17021 | BB8: 4.51327 | BC8: 695.759 | BD8: 1.89943 | BE8: 2.02622 | BF8: 21.8028 | BG8: 8.37749 | BH8: 1.07398 | BI8: 684.583 | BJ8: 6.97813 | BK8: 116.219 | BL8: 11.262918 | BM8: 3.0313965 | BN8: 3.512677 | BO8: 0.021787394 | BP8: Abnormal | BQ8: FALSE | BR8: TRUE | BS8: TRUE | BT8: FALSE | BU8: FALSE | BV8: FALSE | BW8: 67.561273 | BX8: 12.941145 | BY8: 5.8223502 | BZ8: 1.303357 | CA8: 6.1466059 | CB8: -0.95733707 | CC8: -0.33321861 | CD8: =IF(CC8<=_xlfn.PERCENTILE.EXC(CC$2:CC$312, 1/3), "Low", IF(CC8<=_xlfn.PERCENTILE.EXC(CC$2:CC$312, 2/3), "Medium", "High")) -> Low | CE8: =IF(CC8<MEDIAN(CC8:CC460),"antiinflamatoria","proinflamatoria") -> antiinflamatoria | CF8: 16.90411 | CG8: Normal | CH8: 0.080580969 | CI8: 0.42161575 | CJ8: 0.009949863 | CK8: 0.060862149 | CL8: 0.18213418 | CM8: 9169.86 | CN8: =IF(CM8>1000, "High","low") -> High | CO8: 792.333 | CP8: 768.818 | CQ8: 23.515 | CR8: 755.306 | CS8: 36.74 | CT8: 0.091 | CU8: 0 | CV8: 0.091 | CW8: 0 | CX8: 0.011 | CY8: 0.011 | CZ8: 0.185 | DA8: 0.004 | DB8: 0 | DC8: 0 | DD8: 751.12 | DE8: 0 | DF8: 0 | DG8: 0 | DH8: 1.95 | DI8: 0 | DJ8: 1.95 | DK8: 2.237 | DL8: 0 | DM8: 2.237 | DN8: 1.461 | DO8: 10.832 | DP8: 12.292 | DQ8: 11.776 | DR8: 12.672 | DS8: 24.448 | DT8: 0 | DU8: 0.011 | DV8: 0.011 | DW8: HIGH | DX8: HIGH | DY8: HIGH | DZ8: LOW | EA8: 3191.215 | EB8: =IF(EA8<510,"low","high") -> high | EC8: 275.741 | ED8: 262.855 | EE8: 12.786 | EF8: HIGH | EG8: MEDIUM | EH8: HIGH | EI8: LOW | EJ8: Low | EK8: Moderate drinker | EL8: No | EM8: Never | EN8: Over_reporter | EO8: Over_reporter
A9: MI_008 | B9: Medellín | C9: Men | D9: 32 | E9: 18-40 | F9: 148 | G9: 42 | H9: Normal | I9: 25 | J9: 85 | K9: 152 | L9: 126 | M9: 3.6190476 | N9: =LOG10(L9/G9) -> 0.47712125 | O9: =IF(N9<0.1,"Low", IF(N9<=0.26, "Medium", "High")) -> High | P9: 260.2 | Q9: 0.91 | R9: 81 | S9: 4.9 | T9: 4.77 | U9: 2.82 | V9: 1.6914894 | W9: 10.68 | X9: 4.4955 | Y9: 146.6 | Z9: 214.56554 | AA9: 74.6 | AB9: 46.863343 | AC9: 2.133864 | AD9: 0.34002195 | AE9: 105.7 | AF9: 1.808 | AG9: 32.335392 | AH9: Obesity | AI9: 37.406417 | AJ9: 105.2 | AK9: Central.Obesity | AL9: Abdominal obesity | AM9: No | AN9: Yes | AO9: Vigorous | AP9: 169 | AQ9: 106 | AR9: 1666.92 | AS9: 14.7785 | AT9: 641.737 | AU9: 1188.15 | AV9: 10.5119 | AW9: 991.524 | AX9: 2769.65 | AY9: 231.308 | AZ9: 9.63526 | BA9: 1.19844 | BB9: 3.16521 | BC9: 583.495 | BD9: 0.742417 | BE9: 1.43203 | BF9: 20.1113 | BG9: 5.03112 | BH9: 1.40707 | BI9: 287.521 | BJ9: 8.02647 | BK9: 102.53 | BL9: 17.298345 | BM9: 4.849069 | BN9: 1.7427146 | BO9: 0.21089005 | BP9: Healthy | BQ9: TRUE | BR9: FALSE | BS9: FALSE | BT9: FALSE | BU9: FALSE | BV9: FALSE | BW9: NA | BX9: NA | BY9: NA | BZ9: NA | CA9: NA | CB9: 1.0756856 | CC9: 0.6452823 | CD9: =IF(CC9<=_xlfn.PERCENTILE.EXC(CC$2:CC$312, 1/3), "Low", IF(CC9<=_xlfn.PERCENTILE.EXC(CC$2:CC$312, 2/3), "Medium", "High")) -> High | CE9: =IF(CC9<MEDIAN(CC9:CC460),"antiinflamatoria","proinflamatoria") -> proinflamatoria | CF9: 29.627376 | CG9: High-fat | CH9: 0.18187891 | CI9: 0.38926931 | CJ9: 0.27244259 | CK9: 0.054697286 | CL9: 0.052066806 | CM9: 821.399 | CN9: =IF(CM9>1000, "High","low") -> low | CO9: 454.44 | CP9: 389.771 | CQ9: 64.669 | CR9: 330.449 | CS9: 119.762 | CT9: 0 | CU9: 0 | CV9: 0 | CW9: 0 | CX9: 3.981 | CY9: 3.981 | CZ9: 0.247 | DA9: 0 | DB9: 191.413 | DC9: 0 | DD9: 112.569 | DE9: 0 | DF9: 0 | DG9: 0 | DH9: 0.048 | DI9: 0.018 | DJ9: 0.065 | DK9: 16.984 | DL9: 9.418 | DM9: 26.402 | DN9: 55.682 | DO9: 41.679 | DP9: 97.361 | DQ9: 12.828 | DR9: 9.573 | DS9: 22.401 | DT9: 0 | DU9: 3.981 | DV9: 3.981 | DW9: MEDIUM | DX9: MEDIUM | DY9: HIGH | DZ9: MEDIUM | EA9: 492.765 | EB9: =IF(EA9<510,"low","high") -> low | EC9: 272.622 | ED9: 198.239 | EE9: 71.846 | EF9: MEDIUM | EG9: MEDIUM | EH9: HIGH | EI9: MEDIUM | EJ9: High | EK9: Moderate drinker | EL9: No | EM9: Never | EN9: Plausible_reporter | EO9: Plausible_reporter
A10: MI_009 | B10: Medellín | C10: Men | D10: 56 | E10: 41-60 | F10: 173 | G10: 51 | H10: Normal | I10: 32 | J10: 109 | K10: 192 | L10: 160 | M10: 3.7647059 | N10: =LOG10(L10/G10) -> 0.49654981 | O10: =IF(N10<0.1,"Low", IF(N10<=0.26, "Medium", "High")) -> High | P10: 202 | Q10: 3.52 | R10: 96 | S10: 5.29 | T10: 2.1 | U10: 3.63 | V10: 0.5785124 | W10: 4.37 | X10: 5.328 | Y10: 57.2 | Z10: 47.811816 | AA10: 172.2 | AB10: 96.635537 | AC10: 1.034816 | AD10: 0.3807083 | AE10: 74.2 | AF10: 1.644 | AG10: 27.453662 | AH10: Overweight | AI10: 39.19816 | AJ10: 98.8 | AK10: Central.Obesity | AL10: Abdominal obesity | AM10: Yes | AN10: No | AO10: Vigorous | AP10: 145 | AQ10: 90 | AR10: 1543.07 | AS10: 12.1031 | AT10: 541.563 | AU10: 863.203 | AV10: 12.0674 | AW10: 1120.77 | AX10: 2613.98 | AY10: 183.658 | AZ10: 10.2208 | BA10: 0.970684 | BB10: 2.63337 | BC10: 724.35 | BD10: 0.806656 | BE10: 1.69403 | BF10: 11.8794 | BG10: 4.04536 | BH10: 1.34259 | BI10: 256.374 | BJ10: 7.17962 | BK10: 91.2384 | BL10: 26.111694 | BM10: 8.6627999 | BN10: 2.6555859 | BO10: 0.2769916 | BP10: Abnormal | BQ10: TRUE | BR10: TRUE | BS10: FALSE | BT10: FALSE | BU10: TRUE | BV10: FALSE | BW10: 204.94784 | BX10: 30.444592 | BY10: 12.130056 | BZ10: 5.2115868 | CA10: 1.3095248 | CB10: 1.513257 | CC10: 0.98072394 | CD10: =IF(CC10<=_xlfn.PERCENTILE.EXC(CC$2:CC$312, 1/3), "Low", IF(CC10<=_xlfn.PERCENTILE.EXC(CC$2:CC$312, 2/3), "Medium", "High")) -> High | CE10: =IF(CC10<MEDIAN(CC10:CC460),"antiinflamatoria","proinflamatoria") -> proinflamatoria | CF10: 30.720648 | CG10: High-fat | CH10: 0.22459467 | CI10: 0.67788711 | CJ10: 0.016173366 | CK10: 0.034258854 | CL10: 0.015376648 | CM10: 590.201 | CN10: =IF(CM10>1000, "High","low") -> low | CO10: 372.82 | CP10: 238.001 | CQ10: 134.819 | CR10: 19.157 | CS10: 349.737 | CT10: 2.782 | CU10: 0 | CV10: 2.782 | CW10: 0.018 | CX10: 1.126 | CY10: 1.144 | CZ10: 0 | DA10: 0.263 | DB10: 0 | DC10: 0 | DD10: 11.805 | DE10: 0.026 | DF10: 0.183 | DG10: 0.209 | DH10: 0.001 | DI10: 0.018 | DJ10: 0.019 | DK10: 5.546 | DL10: 1.578 | DM10: 7.124 | DN10: 0.164 | DO10: 0.527 | DP10: 0.691 | DQ10: 217.641 | DR10: 131.37 | DS10: 349.011 | DT10: 0.018 | DU10: 1.126 | DV10: 1.144 | DW10: LOW | DX10: MEDIUM | DY10: LOW | DZ10: MEDIUM | EA10: 382.485 | EB10: =IF(EA10<510,"low","high") -> low | EC10: 241.609 | ED10: 12.415 | EE10: 226.65 | EF10: LOW | EG10: MEDIUM | EH10: LOW | EI10: MEDIUM | EJ10: High | EK10: Never | EL10: Yes | EM10: Current | EN10: Under_reporter | EO10: Under_reporter
A11: MI_010 | B11: Medellín | C11: Men | D11: 55 | E11: 41-60 | F11: 71.9 | G11: 18 | H11: Low | I11: 19 | J11: 30 | K11: 67 | L11: 95 | M11: 3.7222222 | N11: =LOG10(L11/G11) -> 0.7224511 | O11: =IF(N11<0.1,"Low", IF(N11<=0.26, "Medium", "High")) -> High | P11: 41 | Q11: 1.45 | R11: 133 | S11: 7.5 | T11: 1.62 | U11: 2.88 | V11: 0.5625 | W11: 16.13 | X11: 7.3815 | Y11: 74.6 | Z11: 83.112199 | AA11: 44.3 | AB11: 18.897464 | AC11: 5.2917153 | AD11: 0.29981265 | AE11: 71 | AF11: 1.63 | AG11: 26.722873 | AH11: Overweight | AI11: 35.670634 | AJ11: 94.3 | AK11: Central.Obesity | AL11: Abdominal obesity | AM11: No | AN11: No | AO11: Vigorous | AP11: 119 | AQ11: 72 | AR11: 2635.61 | AS11: 31.8487 | AT11: 899.643 | AU11: 1420.2 | AV11: 15.9205 | AW11: 1425.54 | AX11: 5413.53 | AY11: 388.188 | AZ11: 10.9799 | BA11: 3.31186 | BB11: 3.63529 | BC11: 733.729 | BD11: 1.64098 | BE11: 2.31587 | BF11: 18.0851 | BG11: 7.18295 | BH11: 1.5187 | BI11: 528.7 | BJ11: 7.20681 | BK11: 138.246 | BL11: 13.700481 | BM11: 5.7664023 | BN11: 1.7609309 | BO11: 0.028663489 | BP11: Abnormal | BQ11: TRUE | BR11: FALSE | BS11: TRUE | BT11: TRUE | BU11: FALSE | BV11: TRUE | BW11: 87.920085 | BX11: 34.191578 | BY11: 33.556401 | BZ11: 28.109502 | CA11: 112.95078 | CB11: -0.44857205 | CC11: -0.17017149 | CD11: =IF(CC11<=_xlfn.PERCENTILE.EXC(CC$2:CC$312, 1/3), "Low", IF(CC11<=_xlfn.PERCENTILE.EXC(CC$2:CC$312, 2/3), "Medium", "High")) -> Low | CE11: =IF(CC11<MEDIAN(CC11:CC460),"antiinflamatoria","proinflamatoria") -> antiinflamatoria | CF11: 29.42948 | CG11: High-fat | CH11: 0.13577782 | CI11: 0.40565245 | CJ11: 0.15735098 | CK11: 0.044547174 | CL11: 0.027351685 | CM11: 1356.139 | CN11: =IF(CM11>1000, "High","low") -> High | CO11: 825.559 | CP11: 605.692 | CQ11: 219.867 | CR11: 295.49 | CS11: 517.113 | CT11: 4.518 | CU11: 0 | CV11: 4.518 | CW11: 0 | CX11: 8.438 | CY11: 8.438 | CZ11: 0 | DA11: 1.726 | DB11: 0 | DC11: 0 | DD11: 244.323 | DE11: 0.217 | DF11: 8.672 | DG11: 8.888 | DH11: 13.799 | DI11: 0.402 | DJ11: 14.201 | DK11: 26.426 | DL11: 1.576 | DM11: 28.003 | DN11: 0.358 | DO11: 3.533 | DP11: 3.891 | DQ11: 315.942 | DR11: 197.213 | DS11: 513.155 | DT11: 0 | DU11: 8.438 | DV11: 8.438 | DW11: HIGH | DX11: HIGH | DY11: HIGH | DZ11: HIGH | EA11: 514.545 | EB11: =IF(EA11<510,"low","high") -> high | EC11: 313.233 | ED11: 112.115 | EE11: 196.202 | EF11: MEDIUM | EG11: MEDIUM | EH11: MEDIUM | EI11: MEDIUM | EJ11: High | EK11: Never | EL11: No | EM11: Former | EN11: Over_reporter | EO11: Over_reporter
A12: MI_011 | B12: Medellín | C12: Female | D12: 22 | E12: 18-40 | F12: 113 | G12: 73 | H12: Normal | I12: 11 | J12: 122 | K12: 206 | L12: 54 | M12: 2.8219178 | N12: =LOG10(L12/G12) -> -0.1309291 | O12: =IF(N12<0.1,"Low", IF(N12<=0.26, "Medium", "High")) -> Low | P12: 222.3 | Q12: 6.13 | R12: 75 | S12: 5.6 | T12: 16.15 | U12: 6.23 | V12: 2.5922953 | W12: 11.71 | X12: 4.1625 | Y12: 181.8 | Z12: 353.50943 | AA12: 69.7 | AB12: 46.160593 | AC12: 2.16635 | AD12: 0.33926499 | AE12: 62.1 | AF12: 1.481 | AG12: 28.312713 | AH12: Overweight | AI12: 37.406417 | AJ12: 76.9 | AK12: Normal | AL12: Normal | AM12: No | AN12: Yes | AO12: Vigorous | AP12: 113 | AQ12: 75 | AR12: 2211.79 | AS12: 10.5642 | AT12: 742.16 | AU12: 1057.49 | AV12: 12.9838 | AW12: 1652.31 | AX12: 2131 | AY12: 190.572 | AZ12: 10.0625 | BA12: 1.26726 | BB12: 2.47049 | BC12: 806.568 | BD12: 1.08425 | BE12: 1.69779 | BF12: 14.965 | BG12: 4.95161 | BH12: 2.64676 | BI12: 311.591 | BJ12: 6.91812 | BK12: 101.883 | BL12: 6.752309 | BM12: 1.2592243 | BN12: 0.55733007 | BO12: 0.056319572 | BP12: Healthy | BQ12: FALSE | BR12: FALSE | BS12: FALSE | BT12: FALSE | BU12: TRUE | BV12: FALSE | BW12: 102.95052 | BX12: 17.12132 | BY12: 14.068469 | BZ12: 10.960898 | CA12: 47.662092 | CB12: 1.2445745 | CC12: 0.56264669 | CD12: =IF(CC12<=_xlfn.PERCENTILE.EXC(CC$2:CC$312, 1/3), "Low", IF(CC12<=_xlfn.PERCENTILE.EXC(CC$2:CC$312, 2/3), "Medium", "High")) -> High | CE12: =IF(CC12<MEDIAN(CC12:CC460),"antiinflamatoria","proinflamatoria") -> proinflamatoria | CF12: 37.482445 | CG12: High-fat | CH12: 0.000164551 | CI12: 0.55785014 | CJ12: 0.22938478 | CK12: 0.042351441 | CL12: 0.02283152 | CM12: 384.49 | CN12: =IF(CM12>1000, "High","low") -> low | CO12: 90.819 | CP12: 48.901 | CQ12: 41.918 | CR12: 60.749 | CS12: 27.144 | CT12: 2.616 | CU12: 0 | CV12: 2.616 | CW12: 0 | CX12: 0.31 | CY12: 0.31 | CZ12: 0 | DA12: 2.616 | DB12: 0 | DC12: 0 | DD12: 9.444 | DE12: 0 | DF12: 24.675 | DG12: 24.675 | DH12: 25.484 | DI12: 0.889 | DJ12: 26.373 | DK12: 0 | DL12: 0.257 | DM12: 0.257 | DN12: 0.139 | DO12: 1.046 | DP12: 1.184 | DQ12: 11.214 | DR12: 14.737 | DS12: 25.951 | DT12: 0 | DU12: 0.31 | DV12: 0.31 | DW12: LOW | DX12: LOW | DY12: MEDIUM | DZ12: LOW | EA12: 173.837 | EB12: =IF(EA12<510,"low","high") -> low | EC12: 41.062 | ED12: 27.466 | EE12: 12.272 | EF12: LOW | EG12: LOW | EH12: LOW | EI12: LOW | EJ12: High | EK12: Moderate drinker | EL12: No | EM12: Never | EN12: Plausible_reporter | EO12: Plausible_reporter
A13: MI_012 | B13: Medellín | C13: Men | D13: 52 | E13: 41-60 | F13: 50.9 | G13: 44 | H13: Normal | I13: 26 | J13: 88 | K13: 158 | L13: 128 | M13: 3.5909091 | N13: =LOG10(L13/G13) -> 0.46375729 | O13: =IF(N13<0.1,"Low", IF(N13<=0.26, "Medium", "High")) -> High | P13: 180.4 | Q13: 2.32 | R13: 79 | S13: 4.95 | T13: 12.64 | U13: 6.36 | V13: 1.9874214 | W13: 29.18 | X13: 4.3845 | Y13: 302.7 | Z13: 659.8078 | AA13: 28.4 | AB13: 17.586408 | AC13: 5.6862093 | AD13: 0.29703182 | AE13: 96.8 | AF13: 1.701 | AG13: 33.455439 | AH13: Obesity | AI13: 46.107827 | AJ13: 113.4 | AK13: Central.Obesity | AL13: Abdominal obesity | AM13: No | AN13: No | AO13: Vigorous | AP13: 136 | AQ13: 100 | AR13: 1716.45 | AS13: 16.9821 | AT13: 292.037 | AU13: 775.61 | AV13: 12.2535 | AW13: 1233.71 | AX13: 2792 | AY13: 240.922 | AZ13: 10.3961 | BA13: 1.37945 | BB13: 3.53603 | BC13: 712.714 | BD13: 1.01696 | BE13: 1.72071 | BF13: 16.2272 | BG13: 4.68795 | BH13: 1.29817 | BI13: 333.262 | BJ13: 6.98226 | BK13: 179.692 | BL13: 10.537764 | BM13: 3.0313857 | BN13: 1.3567439 | BO13: 0.046780859 | BP13: Abnormal | BQ13: TRUE | BR13: FALSE | BS13: FALSE | BT13: FALSE | BU13: FALSE | BV13: TRUE | BW13: NA | BX13: NA | BY13: NA | BZ13: NA | CA13: NA | CB13: -0.5210655 | CC13: -0.30365123 | CD13: =IF(CC13<=_xlfn.PERCENTILE.EXC(CC$2:CC$312, 1/3), "Low", IF(CC13<=_xlfn.PERCENTILE.EXC(CC$2:CC$312, 2/3), "Medium", "High")) -> Low | CE13: =IF(CC13<MEDIAN(CC13:CC460),"antiinflamatoria","proinflamatoria") -> antiinflamatoria | CF13: 34 | CG13: High-fat | CH13: 0.017255794 | CI13: 0.62655921 | CJ13: 0.043975521 | CK13: 0.021101562 | CL13: 0.012975287 | CM13: 759.456 | CN13: =IF(CM13>1000, "High","low") -> low | CO13: 360.016 | CP13: 192.378 | CQ13: 167.638 | CR13: 211.62 | CS13: 136.246 | CT13: 5.687 | CU13: 0 | CV13: 5.687 | CW13: 0 | CX13: 6.464 | CY13: 6.464 | CZ13: 0 | DA13: 0.737 | DB13: 0 | DC13: 0 | DD13: 69.632 | DE13: 83.737 | DF13: 34.495 | DG13: 118.232 | DH13: 19.855 | DI13: 0.588 | DJ13: 20.443 | DK13: 2.401 | DL13: 0.913 | DM13: 3.313 | DN13: 0.249 | DO13: 5.486 | DP13: 5.735 | DQ13: 10.771 | DR13: 119.645 | DS13: 130.416 | DT13: 0 | DU13: 6.464 | DV13: 6.464 | DW13: MEDIUM | DX13: LOW | DY13: MEDIUM | DZ13: MEDIUM | EA13: 442.457 | EB13: =IF(EA13<510,"low","high") -> low | EC13: 209.745 | ED13: 123.289 | EE13: 79.376 | EF13: MEDIUM | EG13: MEDIUM | EH13: MEDIUM | EI13: MEDIUM | EJ13: High | EK13: Never | EL13: No | EM13: Former | EN13: Plausible_reporter | EO13: Plausible_reporter
A14: MI_013 | B14: Medellín | C14: Men | D14: 55 | E14: 41-60 | F14: 75.7 | G14: 71 | H14: Normal | I14: 31 | J14: 112 | K14: 214 | L14: 154 | M14: 3.0140845 | N14: =LOG10(L14/G14) -> 0.33626237 | O14: =IF(N14<0.1,"Low", IF(N14<=0.26, "Medium", "High")) -> High | P14: 131.6 | Q14: 2.92 | R14: 134 | S14: 8.28 | T14: 8.81 | U14: 3.35 | V14: 2.6298507 | W14: 16.07 | X14: 7.437 | Y14: 73.4 | Z14: 81.635763 | AA14: 44.4 | AB14: 18.826468 | AC14: 5.3116707 | AD14: 0.29966579 | AE14: 97.5 | AF14: 1.675 | AG14: 34.751615 | AH14: Obesity | AI14: 46.638041 | AJ14: 111.5 | AK14: Central.Obesity | AL14: Abdominal obesity | AM14: No | AN14: No | AO14: Light | AP14: 158 | AQ14: 88 | AR14: 2198.05 | AS14: 25.1374 | AT14: 947.472 | AU14: 1346.24 | AV14: 15.3475 | AW14: 1374.18 | AX14: 4504.13 | AY14: 348.556 | AZ14: 11.8894 | BA14: 1.77588 | BB14: 2.84922 | BC14: 771.762 | BD14: 1.19812 | BE14: 2.11426 | BF14: 13.5816 | BG14: 6.9337 | BH14: 2.74255 | BI14: 401.421 | BJ14: 8.22332 | BK14: 218.175 | BL14: 21.169538 | BM14: 3.96713 | BN14: 0.80839512 | BO14: 0.23077782 | BP14: Abnormal | BQ14: TRUE | BR14: TRUE | BS14: TRUE | BT14: TRUE | BU14: FALSE | BV14: TRUE | BW14: 96.442348 | BX14: 20.000663 | BY14: 13.860686 | BZ14: 5.6788837 | CA14: 34.840098 | CB14: -0.3329523 | CC14: -0.15147966 | CD14: =IF(CC14<=_xlfn.PERCENTILE.EXC(CC$2:CC$312, 1/3), "Low", IF(CC14<=_xlfn.PERCENTILE.EXC(CC$2:CC$312, 2/3), "Medium", "High")) -> Low | CE14: =IF(CC14<MEDIAN(CC14:CC460),"antiinflamatoria","proinflamatoria") -> antiinflamatoria | CF14: 33.955157 | CG14: High-fat | CH14: 0.12816563 | CI14: 0.051664537 | CJ14: 0.098895318 | CK14: 0.135192 | CL14: 0.25208537 | CM14: 3642.463 | CN14: =IF(CM14>1000, "High","low") -> High | CO14: 593.252 | CP14: 62.738 | CQ14: 530.514 | CR14: 47.367 | CS14: 510.26 | CT14: 0.131 | CU14: 0 | CV14: 0.131 | CW14: 0 | CX14: 35.494 | CY14: 35.494 | CZ14: 0 | DA14: 0.069 | DB14: 0 | DC14: 0 | DD14: 46.264 | DE14: 0 | DF14: 0 | DG14: 0 | DH14: 0.672 | DI14: 0.001 | DJ14: 0.673 | DK14: 0.325 | DL14: 0.105 | DM14: 0.43 | DN14: 0.973 | DO14: 6.588 | DP14: 7.56 | DQ14: 14.085 | DR14: 488.038 | DS14: 502.123 | DT14: 0 | DU14: 35.494 | DV14: 35.494 | DW14: HIGH | DX14: MEDIUM | DY14: LOW | DZ14: HIGH | EA14: 1657.134 | EB14: =IF(EA14<510,"low","high") -> high | EC14: 269.899 | ED14: 21.549 | EE14: 232.142 | EF14: HIGH | EG14: MEDIUM | EH14: LOW | EI14: MEDIUM | EJ14: Low | EK14: Never | EL14: No | EM14: Never | EN14: Plausible_reporter | EO14: Plausible_reporter
A15: MI_014 | B15: Medellín | C15: Female | D15: 32 | E15: 18-40 | F15: 51.5 | G15: 52 | H15: Normal | I15: 15 | J15: 96 | K15: 163 | L15: 76 | M15: 3.1346154 | N15: =LOG10(L15/G15) -> 0.16481025 | O15: =IF(N15<0.1,"Low", IF(N15<=0.26, "Medium", "High")) -> Medium | P15: 199.7 | Q15: 9.39 | R15: 78 | S15: 5.03 | T15: 25.9 | U15: 6.76 | V15: 3.8313609 | W15: 17.79 | X15: 4.329 | Y15: 222.6 | Z15: 429.1918 | AA15: 45.9 | AB15: 29.215881 | AC15: 3.422796 | AD15: 0.31784366 | AE15: 71.4 | AF15: 1.583 | AG15: 28.492882 | AH15: Overweight | AI15: 40.316714 | AJ15: 90 | AK15: Central.Obesity | AL15: Abdominal obesity | AM15: No | AN15: Yes | AO15: Vigorous | AP15: 124 | AQ15: 80 | AR15: 2264.43 | AS15: 21.3019 | AT15: 1212.89 | AU15: 1322.48 | AV15: 13.3513 | AW15: 1317.15 | AX15: 3768.65 | AY15: 260.669 | AZ15: 10.6849 | BA15: 1.5055 | BB15: 2.7435 | BC15: 965.211 | BD15: 1.30694 | BE15: 2.16771 | BF15: 11.2841 | BG15: 4.91171 | BH15: 1.19962 | BI15: 430.724 | BJ15: 7.3018 | BK15: 243.858 | BL15: 4.9307412 | BM15: 2.033921 | BN15: 2.6279055 | BO15: 0.060833982 | BP15: Abnormal | BQ15: FALSE | BR15: FALSE | BS15: FALSE | BT15: FALSE | BU15: TRUE | BV15: TRUE | BW15: 72.810422 | BX15: 11.425351 | BY15: 6.1453537 | BZ15: 3.2777342 | CA15: 11.186587 | CB15: -0.22297676 | CC15: -0.098487968 | CD15: =IF(CC15<=_xlfn.PERCENTILE.EXC(CC$2:CC$312, 1/3), "Low", IF(CC15<=_xlfn.PERCENTILE.EXC(CC$2:CC$312, 2/3), "Medium", "High")) -> Medium | CE15: =IF(CC15<MEDIAN(CC15:CC460),"antiinflamatoria","proinflamatoria") -> antiinflamatoria | CF15: 40.822222 | CG15: High-fat | CH15: 0.059330804 | CI15: 0.5838795 | CJ15: 0.10126097 | CK15: 0.10183588 | CL15: 0.044919704 | CM15: 735.89 | CN15: =IF(CM15>1000, "High","low") -> low | CO15: 351.287 | CP15: 346.174 | CQ15: 5.113 | CR15: 267.364 | CS15: 83.616 | CT15: 0.251 | CU15: 0 | CV15: 0.251 | CW15: 0 | CX15: 0.056 | CY15: 0.056 | CZ15: 0 | DA15: 0.251 | DB15: 65.723 | DC15: 0 | DD15: 177.826 | DE15: 0 | DF15: 0 | DG15: 0 | DH15: 2.441 | DI15: 0 | DJ15: 2.441 | DK15: 19.649 | DL15: 0.203 | DM15: 19.852 | DN15: 0.925 | DO15: 0.236 | DP15: 1.16 | DQ15: 77.837 | DR15: 4.619 | DS15: 82.456 | DT15: 0 | DU15: 0.056 | DV15: 0.056 | DW15: MEDIUM | DX15: LOW | DY15: HIGH | DZ15: LOW | EA15: 324.978 | EB15: =IF(EA15<510,"low","high") -> low | EC15: 155.133 | ED15: 118.071 | EE15: 36.926 | EF15: LOW | EG15: LOW | EH15: MEDIUM | EI15: LOW | EJ15: High | EK15: Moderate drinker | EL15: No | EM15: Never | EN15: Plausible_reporter | EO15: Plausible_reporter
A16: MI_015 | B16: Medellín | C16: Men | D16: 34 | E16: 18-40 | F16: 79.9 | G16: 40 | H16: Normal | I16: 25 | J16: 144 | K16: 209 | L16: 123 | M16: 5.225 | N16: =LOG10(L16/G16) -> 0.48784512 | O16: =IF(N16<0.1,"Low", IF(N16<=0.26, "Medium", "High")) -> High | P16: 241.9 | Q16: 0.48 | R16: 83 | S16: 5.55 | T16: 2.47 | U16: 3.5 | V16: 0.70571429 | W16: 10.8 | X16: 4.6065 | Y16: 140.7 | Z16: 195.21012 | AA16: 73.3 | AB16: 45.225949 | AC16: 2.21112 | AD16: 0.33824554 | AE16: 74.1 | AF16: 1.701 | AG16: 25.61 | AH16: Overweight | AI16: 34.896469 | AJ16: 92.9 | AK16: Central.Obesity | AL16: Abdominal obesity | AM16: No | AN16: Yes | AO16: Vigorous | AP16: 114 | AQ16: 72 | AR16: 3263.2 | AS16: 16.0602 | AT16: 1753.03 | AU16: 1870.87 | AV16: 16.6254 | AW16: 2584.88 | AX16: 4843.72 | AY16: 345.18 | AZ16: 11.2905 | BA16: 2.6833 | BB16: 3.69428 | BC16: 1044.93 | BD16: 1.75315 | BE16: 2.69256 | BF16: 20.6199 | BG16: 7.1479 | BH16: 1.86607 | BI16: 374.174 | BJ16: 7.7801 | BK16: 254.896 | BL16: 2.8497728 | BM16: 0.76603706 | BN16: 0.23661078 | BO16: 0.009773476 | BP16: Healthy | BQ16: FALSE | BR16: FALSE | BS16: FALSE | BT16: FALSE | BU16: FALSE | BV16: FALSE | BW16: 30.335235 | BX16: 8.7885877 | BY16: 5.1266939 | BZ16: 2.8744043 | CA16: 21.807698 | CB16: -0.42584279 | CC16: -0.13050653 | CD16: =IF(CC16<=_xlfn.PERCENTILE.EXC(CC$2:CC$312, 1/3), "Low", IF(CC16<=_xlfn.PERCENTILE.EXC(CC$2:CC$312, 2/3), "Medium", "High")) -> Medium | CE16: =IF(CC16<MEDIAN(CC16:CC460),"antiinflamatoria","proinflamatoria") -> antiinflamatoria | CF16: 27.379978 | CG16: High-fat | CH16: 0.18766827 | CI16: 0.32566136 | CJ16: 0.003058059 | CK16: 0.16200398 | CL16: 0.23059815 | CM16: 1544.982 | CN16: =IF(CM16>1000, "High","low") -> High | CO16: 657.462 | CP16: 353.175 | CQ16: 304.287 | CR16: 189.024 | CS16: 463.246 | CT16: 2.2 | CU16: 0 | CV16: 2.2 | CW16: 0 | CX16: 2.991 | CY16: 2.991 | CZ16: 0 | DA16: 0.224 | DB16: 0.552 | DC16: 0 | DD16: 31.864 | DE16: 0 | DF16: 25.028 | DG16: 25.028 | DH16: 0 | DI16: 0.915 | DJ16: 0.915 | DK16: 130.373 | DL16: 0.293 | DM16: 130.666 | DN16: 1.15 | DO16: 13.317 | DP16: 14.467 | DQ16: 186.94 | DR16: 261.645 | DS16: 448.585 | DT16: 0 | DU16: 2.991 | DV16: 2.991 | DW16: HIGH | DX16: MEDIUM | DY16: MEDIUM | DZ16: MEDIUM | EA16: 473.456 | EB16: =IF(EA16<510,"low","high") -> low | EC16: 201.478 | ED16: 57.926 | EE16: 141.961 | EF16: MEDIUM | EG16: MEDIUM | EH16: MEDIUM | EI16: MEDIUM | EJ16: High | EK16: Moderate drinker | EL16: No | EM16: Never | EN16: Over_reporter | EO16: Over_reporter
A17: MI_016 | B17: Medellín | C17: Female | D17: 45 | E17: 41-60 | F17: 59.3 | G17: 51 | H17: Normal | I17: 8 | J17: 116 | K17: 175 | L17: 42 | M17: 3.4313725 | N17: =LOG10(L17/G17) -> -0.084320886 | O17: =IF(N17<0.1,"Low", IF(N17<=0.26, "Medium", "High")) -> Low | P17: 45.3 | Q17: 2.34 | R17: 81 | S17: 5.4 | T17: 11.45 | U17: 5.15 | V17: 2.223301 | W17: 6.25 | X17: 4.4955 | Y17: 102.4 | Z17: 125.56504 | AA17: 126.4 | AB17: 80.08008 | AC17: 1.24875 | AD17: 0.36923595 | AE17: 71.9 | AF17: 1.603 | AG17: 27.980911 | AH17: Overweight | AI17: 41.58097 | AJ17: 91.1 | AK17: Central.Obesity | AL17: Abdominal obesity | AM17: No | AN17: No | AO17: Vigorous | AP17: 106 | AQ17: 72 | AR17: 1215.09 | AS17: 14.3342 | AT17: 439.939 | AU17: 722.073 | AV17: 10.8817 | AW17: 822.855 | AX17: 2065.13 | AY17: 192.359 | AZ17: 9.02706 | BA17: 0.849392 | BB17: 2.63441 | BC17: 686.429 | BD17: 0.879273 | BE17: 1.28593 | BF17: 13.233 | BG17: 3.18807 | BH17: 1.54982 | BI17: 328.557 | BJ17: 7.06382 | BK17: 134.098 | BL17: 0.91739789 | BM17: 0.45943481 | BN17: 0.386831 | BO17: 0 | BP17: Healthy | BQ17: FALSE | BR17: FALSE | BS17: FALSE | BT17: FALSE | BU17: FALSE | BV17: FALSE | BW17: 59.27851 | BX17: 16.350023 | BY17: 5.4001071 | BZ17: 3.2312831 | CA17: 1.2638728 | CB17: 0.46726201 | CC17: 0.38457779 | CD17: =IF(CC17<=_xlfn.PERCENTILE.EXC(CC$2:CC$312, 1/3), "Low", IF(CC17<=_xlfn.PERCENTILE.EXC(CC$2:CC$312, 2/3), "Medium", "High")) -> High | CE17: =IF(CC17<MEDIAN(CC17:CC460),"antiinflamatoria","proinflamatoria") -> proinflamatoria | CF17: 40.807903 | CG17: High-fat | CH17: 0.18941583 | CI17: 0.49503769 | CJ17: 0.083165829 | CK17: 0.07330402 | CL17: 0.055150754 | CM17: 651.872 | CN17: =IF(CM17>1000, "High","low") -> low | CO17: 407.815 | CP17: 357.598 | CQ17: 50.217 | CR17: 164.002 | CS17: 176.774 | CT17: 66.082 | CU17: 0 | CV17: 66.082 | CW17: 0 | CX17: 0.957 | CY17: 0.957 | CZ17: 0 | DA17: 66.082 | DB17: 131.447 | DC17: 0 | DD17: 3.922 | DE17: 0.001 | DF17: 0.008 | DG17: 0.01 | DH17: 3.7 | DI17: 0.026 | DJ17: 3.726 | DK17: 24.689 | DL17: 0.208 | DM17: 24.897 | DN17: 1.034 | DO17: 1.303 | DP17: 2.337 | DQ17: 126.706 | DR17: 47.697 | DS17: 174.403 | DT17: 0 | DU17: 0.957 | DV17: 0.957 | DW17: LOW | DX17: MEDIUM | DY17: MEDIUM | DZ17: MEDIUM | EA17: 536.48 | EB17: =IF(EA17<510,"low","high") -> high | EC17: 335.625 | ED17: 134.971 | EE17: 145.483 | EF17: MEDIUM | EG17: MEDIUM | EH17: HIGH | EI17: MEDIUM | EJ17: High | EK17: Never | EL17: No | EM17: Never | EN17: Under_reporter | EO17: Under_reporter
A18: MI_017 | B18: Medellín | C18: Men | D18: 37 | E18: 18-40 | F18: 92.1 | G18: 11 | H18: Low | I18: 89 | J18: NA | K18: 176 | L18: 446 | M18: 16 | N18: =LOG10(L18/G18) -> 1.6079422 | O18: =IF(N18<0.1,"Low", IF(N18<=0.26, "Medium", "High")) -> High | P18: 116.5 | Q18: 4.3 | R18: 335 | S18: 10.77 | T18: 14.52 | U18: 1.3 | V18: 11.169231 | W18: 57.07 | X18: 18.5925 | Y18: 57.7 | Z18: 75.626967 | AA18: 7.4 | AB18: 2.1204931 | AC18: 47.158843 | AD18: 0.23335137 | AE18: 119.4 | AF18: 1.69 | AG18: 41.805259 | AH18: Obesity | AI18: 42.676586 | AJ18: 131.3 | AK18: Central.Obesity | AL18: Abdominal obesity | AM18: No | AN18: Yes | AO18: Vigorous | AP18: 141 | AQ18: 91 | AR18: 2080.81 | AS18: 12.9978 | AT18: 660.977 | AU18: 988.176 | AV18: 12.5911 | AW18: 1786.51 | AX18: 2991.61 | AY18: 179.586 | AZ18: 10.0224 | BA18: 1.24664 | BB18: 3.52969 | BC18: 718.462 | BD18: 1.188 | BE18: 1.93001 | BF18: 15.4679 | BG18: 4.11499 | BH18: 1.1876 | BI18: 327.528 | BJ18: 7.03609 | BK18: 145.357 | BL18: 13.402068 | BM18: 2.1516663 | BN18: 0.70588382 | BO18: 0.08834796 | BP18: Abnormal | BQ18: TRUE | BR18: TRUE | BS18: TRUE | BT18: TRUE | BU18: TRUE | BV18: TRUE | BW18: 204.61071 | BX18: 22.459983 | BY18: 8.658455 | BZ18: 4.4998775 | CA18: 1.3409844 | CB18: 1.1853462 | CC18: 0.56960412 | CD18: =IF(CC18<=_xlfn.PERCENTILE.EXC(CC$2:CC$312, 1/3), "Low", IF(CC18<=_xlfn.PERCENTILE.EXC(CC$2:CC$312, 2/3), "Medium", "High")) -> High | CE18: =IF(CC18<MEDIAN(CC18:CC460),"antiinflamatoria","proinflamatoria") -> proinflamatoria | CF18: 38.257426 | CG18: High-fat | CH18: 0.1256871 | CI18: 0.55539112 | CJ18: 0.023220578 | CK18: 0.079457364 | CL18: 0.051162791 | CM18: 595.189 | CN18: =IF(CM18>1000, "High","low") -> low | CO18: 1162.727 | CP18: 966.603 | CQ18: 196.123 | CR18: 630.842 | CS18: 525.18 | CT18: 6.41 | CU18: 0 | CV18: 6.41 | CW18: 0 | CX18: 0.295 | CY18: 0.295 | CZ18: 0 | DA18: 2.923 | DB18: 0 | DC18: 0 | DD18: 69.387 | DE18: 0 | DF18: 0 | DG18: 0 | DH18: 24.625 | DI18: 0 | DJ18: 24.625 | DK18: 536.83 | DL18: 0 | DM18: 536.83 | DN18: 0.186 | DO18: 1.52 | DP18: 1.706 | DQ18: 329.144 | DR18: 194.287 | DS18: 523.432 | DT18: 0 | DU18: 0.295 | DV18: 0.295 | DW18: LOW | DX18: HIGH | DY18: HIGH | DZ18: HIGH | EA18: 286.037 | EB18: =IF(EA18<510,"low","high") -> low | EC18: 558.786 | ED18: 303.171 | EE18: 252.392 | EF18: LOW | EG18: HIGH | EH18: HIGH | EI18: HIGH | EJ18: High | EK18: Moderate drinker | EL18: No | EM18: Never | EN18: Plausible_reporter | EO18: Plausible_reporter
A19: MI_018 | B19: Medellín | C19: Female | D19: 52 | E19: 41-60 | F19: 53.4 | G19: 90 | H19: Normal | I19: 14 | J19: 90 | K19: 194 | L19: 68 | M19: 2.1555556 | N19: =LOG10(L19/G19) -> -0.1217336 | O19: =IF(N19<0.1,"Low", IF(N19<=0.26, "Medium", "High")) -> Low | P19: 86.8 | Q19: 4.5 | R19: 76 | S19: 6 | T19: 18.24 | U19: 18.07 | V19: 1.0094079 | W19: 7.39 | X19: 4.218 | Y19: 130.2 | Z19: 205.84958 | AA19: 109.1 | AB19: 72.182431 | AC19: 1.3853787 | AD19: 0.36318887 | AE19: 73.5 | AF19: 1.481 | AG19: 33.510216 | AH19: Obesity | AI19: 43.517106 | AJ19: 97.7 | AK19: Central.Obesity | AL19: Abdominal obesity | AM19: No | AN19: No | AO19: Vigorous | AP19: 118 | AQ19: 75 | AR19: 1819.78 | AS19: 16.7585 | AT19: 638.681 | AU19: 950.37 | AV19: 13.4098 | AW19: 1241.45 | AX19: 2824.28 | AY19: 220.603 | AZ19: 9.96947 | BA19: 1.14189 | BB19: 2.80253 | BC19: 777.737 | BD19: 1.21925 | BE19: 1.63587 | BF19: 12.2037 | BG19: 3.83838 | BH19: 1.28688 | BI19: 311.733 | BJ19: 6.71837 | BK19: 192.646 | BL19: 23.561708 | BM19: 5.7667753 | BN19: 1.3588736 | BO19: 0 | BP19: Healthy | BQ19: FALSE | BR19: FALSE | BS19: FALSE | BT19: FALSE | BU19: TRUE | BV19: FALSE | BW19: 110.99446 | BX19: 14.383708 | BY19: 6.7080584 | BZ19: 2.8751031 | CA19: 0.77352028 | CB19: 0.020934498 | CC19: 0.011502471 | CD19: =IF(CC19<=_xlfn.PERCENTILE.EXC(CC$2:CC$312, 1/3), "Low", IF(CC19<=_xlfn.PERCENTILE.EXC(CC$2:CC$312, 2/3), "Medium", "High")) -> Medium | CE19: =IF(CC19<MEDIAN(CC19:CC460),"antiinflamatoria","proinflamatoria") -> antiinflamatoria | CF19: 45.682702 | CG19: High-fat | CH19: 0.13131563 | CI19: 0.12542982 | CJ19: 0.19491342 | CK19: 0.031628512 | CL19: 0.13754221 | CM19: 730.522 | CN19: =IF(CM19>1000, "High","low") -> low | CO19: 202.704 | CP19: 97.252 | CQ19: 105.452 | CR19: 99.48 | CS19: 99.588 | CT19: 0.004 | CU19: 0 | CV19: 0.004 | CW19: 0 | CX19: 3.631 | CY19: 3.631 | CZ19: 0 | DA19: 0 | DB19: 0 | DC19: 0 | DD19: 48.214 | DE19: 0.268 | DF19: 0 | DG19: 0.268 | DH19: 0 | DI19: 0.108 | DJ19: 0.108 | DK19: 41.433 | DL19: 9.415 | DM19: 50.848 | DN19: 0.761 | DO19: 4.048 | DP19: 4.809 | DQ19: 6.492 | DR19: 88.214 | DS19: 94.706 | DT19: 0 | DU19: 3.631 | DV19: 3.631 | DW19: MEDIUM | DX19: LOW | DY19: MEDIUM | DZ19: LOW | EA19: 401.434 | EB19: =IF(EA19<510,"low","high") -> low | EC19: 111.389 | ED19: 54.666 | EE19: 54.726 | EF19: MEDIUM | EG19: LOW | EH19: MEDIUM | EI19: LOW | EJ19: High | EK19: Never | EL19: No | EM19: Former | EN19: Plausible_reporter | EO19: Plausible_reporter
A20: MI_019 | B20: Medellín | C20: Men | D20: 25 | E20: 18-40 | F20: 87 | G20: 39 | H20: Low | I20: 40 | J20: 147 | K20: 226 | L20: 202 | M20: 5.7948718 | N20: =LOG10(L20/G20) -> 0.71428676 | O20: =IF(N20<0.1,"Low", IF(N20<=0.26, "Medium", "High")) -> High | P20: 280.2 | Q20: 4.68 | R20: 93 | S20: 5.16 | T20: 20.08 | U20: 6.54 | V20: 3.0703364 | W20: 20.35 | X20: 5.1615 | Y20: 173.1 | Z20: 244.95937 | AA20: 38.4 | AB20: 21.42112 | AC20: 4.66829 | AD20: 0.3047872 | AE20: 129.8 | AF20: 1.776 | AG20: 41.151794 | AH20: Obesity | AI20: 44.078742 | AJ20: 126.6 | AK20: Central.Obesity | AL20: Abdominal obesity | AM20: No | AN20: Yes | AO20: Vigorous | AP20: 136 | AQ20: 94 | AR20: 2323.07 | AS20: 19.2032 | AT20: 1156.29 | AU20: 1382.74 | AV20: 16.0468 | AW20: 1733.93 | AX20: 3802.28 | AY20: 269.882 | AZ20: 12.1803 | BA20: 2.39898 | BB20: 3.2419 | BC20: 819.942 | BD20: 1.26269 | BE20: 2.85134 | BF20: 18.7838 | BG20: 5.17335 | BH20: 1.5003 | BI20: 334.608 | BJ20: 7.81998 | BK20: 148.184 | BL20: 1.8987728 | BM20: 0.68895551 | BN20: 0.77334238 | BO20: 0 | BP20: Abnormal | BQ20: TRUE | BR20: TRUE | BS20: TRUE | BT20: FALSE | BU20: TRUE | BV20: TRUE | BW20: 116.78478 | BX20: 20.72482 | BY20: 9.8378523 | BZ20: 3.5887644 | CA20: 1.541458 | CB20: -0.25409663 | CC20: -0.10938297 | CD20: =IF(CC20<=_xlfn.PERCENTILE.EXC(CC$2:CC$312, 1/3), "Low", IF(CC20<=_xlfn.PERCENTILE.EXC(CC$2:CC$312, 2/3), "Medium", "High")) -> Medium | CE20: =IF(CC20<MEDIAN(CC20:CC460),"antiinflamatoria","proinflamatoria") -> antiinflamatoria | CF20: 35.943128 | CG20: High-fat | CH20: 0.05738573 | CI20: 0.26357302 | CJ20: 0.12087514 | CK20: 0.055908584 | CL20: 0.12023411 | CM20: 1174.078 | CN20: =IF(CM20>1000, "High","low") -> High | CO20: 422.438 | CP20: 242.409 | CQ20: 180.029 | CR20: 149.497 | CS20: 207.432 | CT20: 0.532 | CU20: 0 | CV20: 0.532 | CW20: 0 | CX20: 64.978 | CY20: 64.978 | CZ20: 0 | DA20: 0.38 | DB20: 95.707 | DC20: 0 | DD20: 35.204 | DE20: 0 | DF20: 0 | DG20: 0 | DH20: 3.7 | DI20: 0.002 | DJ20: 3.702 | DK20: 9.604 | DL20: 5.28 | DM20: 14.884 | DN20: 29.75 | DO20: 21.768 | DP20: 51.518 | DQ20: 67.862 | DR20: 87.953 | DS20: 155.815 | DT20: 0 | DU20: 64.978 | DV20: 64.978 | DW20: MEDIUM | DX20: MEDIUM | DY20: MEDIUM | DZ20: MEDIUM | EA20: 505.399 | EB20: =IF(EA20<510,"low","high") -> low | EC20: 181.845 | ED20: 64.353 | EE20: 89.292 | EF20: MEDIUM | EG20: LOW | EH20: MEDIUM | EI20: MEDIUM | EJ20: High | EK20: Moderate drinker | EL20: No | EM20: Never | EN20: Plausible_reporter | EO20: Plausible_reporter
A21: MI_020 | B21: Medellín | C21: Female | D21: 58 | E21: 41-60 | F21: 50.2 | G21: 55 | H21: Normal | I21: 24 | J21: 56 | K21: 135 | L21: 118 | M21: 2.4545455 | N21: =LOG10(L21/G21) -> 0.33151932 | O21: =IF(N21<0.1,"Low", IF(N21<=0.26, "Medium", "High")) -> High | P21: 55.1 | Q21: 1.37 | R21: 75 | S21: 5.29 | T21: 15.23 | U21: 3.88 | V21: 3.9252577 | W21: 16.47 | X21: 4.1625 | Y21: 228.4 | Z21: 497.20755 | AA21: 50 | AB21: 32.819705 | AC21: 3.04695 | AD21: 0.32303027 | AE21: 73.3 | AF21: 1.515 | AG21: 31.935867 | AH21: Obesity | AI21: 42.168445 | AJ21: 94.2 | AK21: Central.Obesity | AL21: Abdominal obesity | AM21: No | AN21: No | AO21: Moderate | AP21: 147 | AQ21: 94 | AR21: 1130.19 | AS21: 15.134 | AT21: 611.611 | AU21: 786.295 | AV21: 10.014 | AW21: 978.701 | AX21: 2229.57 | AY21: 176.468 | AZ21: 9.1266 | BA21: 1.09565 | BB21: 4.46585 | BC21: 591.959 | BD21: 0.875694 | BE21: 1.24315 | BF21: 10.5401 | BG21: 3.49882 | BH21: 1.31249 | BI21: 232.707 | BJ21: 6.65138 | BK21: 103.225 | BL21: 6.9163313 | BM21: 1.0640821 | BN21: 0.51133503 | BO21: 0 | BP21: Abnormal | BQ21: TRUE | BR21: FALSE | BS21: TRUE | BT21: FALSE | BU21: FALSE | BV21: TRUE | BW21: 60.288402 | BX21: 18.386049 | BY21: 16.581711 | BZ21: 11.553351 | CA21: 5.2498787 | CB21: 0.9618821 | CC21: 0.85122309 | CD21: =IF(CC21<=_xlfn.PERCENTILE.EXC(CC$2:CC$312, 1/3), "Low", IF(CC21<=_xlfn.PERCENTILE.EXC(CC$2:CC$312, 2/3), "Medium", "High")) -> High | CE21: =IF(CC21<MEDIAN(CC21:CC460),"antiinflamatoria","proinflamatoria") -> proinflamatoria | CF21: 43.834395 | CG21: High-fat | CH21: 4.01e-05 | CI21: 0.5648445 | CJ21: 0.013626162 | CK21: 0.12319654 | CL21: 0.042080795 | CM21: 868.245 | CN21: =IF(CM21>1000, "High","low") -> low | CO21: 344.727 | CP21: 226.535 | CQ21: 118.192 | CR21: 48.72 | CS21: 264.614 | CT21: 2.387 | CU21: 0 | CV21: 2.387 | CW21: 0 | CX21: 29.006 | CY21: 29.006 | CZ21: 0 | DA21: 0.577 | DB21: 0 | DC21: 0 | DD21: 9.19 | DE21: 0 | DF21: 0 | DG21: 0 | DH21: 3.835 | DI21: 0.052 | DJ21: 3.887 | DK21: 29.097 | DL21: 6.545 | DM21: 35.642 | DN21: 1.779 | DO21: 1.442 | DP21: 3.222 | DQ21: 180.246 | DR21: 81.146 | DS21: 261.393 | DT21: 0 | DU21: 29.006 | DV21: 29.006 | DW21: MEDIUM | DX21: LOW | DY21: LOW | DZ21: MEDIUM | EA21: 768.23 | EB21: =IF(EA21<510,"low","high") -> high | EC21: 305.017 | ED21: 43.108 | EE21: 234.133 | EF21: HIGH | EG21: MEDIUM | EH21: MEDIUM | EI21: MEDIUM | EJ21: Moderate | EK21: Never | EL21: No | EM21: Former | EN21: Under_reporter | EO21: Under_reporter
A22: MI_021 | B22: Medellín | C22: Female | D22: 41 | E22: 41-60 | F22: 56 | G22: 50 | H22: Normal | I22: 25 | J22: 80 | K22: 155 | L22: 127 | M22: 3.1 | N22: =LOG10(L22/G22) -> 0.40483372 | O22: =IF(N22<0.1,"Low", IF(N22<=0.26, "Medium", "High")) -> High | P22: 177 | Q22: 0.95 | R22: 80 | S22: 5.02 | T22: 11.28 | U22: 4.71 | V22: 2.3949045 | W22: 11.17 | X22: 4.44 | Y22: 154.9 | Z22: 237.65957 | AA22: 71.6 | AB22: 45.36766 | AC22: 2.2042133 | AD22: 0.33840106 | AE22: 65.3 | AF22: 1.59 | AG22: 25.829674 | AH22: Overweight | AI22: 41.009938 | AJ22: 83.1 | AK22: Central.Obesity | AL22: Normal | AM22: No | AN22: Yes | AO22: Moderate | AP22: 151 | AQ22: 96 | AR22: 1783.41 | AS22: 17.8897 | AT22: 623.009 | AU22: 932.18 | AV22: 12.4462 | AW22: 1238.44 | AX22: 2618.94 | AY22: 227.237 | AZ22: 10.2083 | BA22: 1.38552 | BB22: 3.10383 | BC22: 784.919 | BD22: 1.07899 | BE22: 2.12568 | BF22: 12.751 | BG22: 4.36918 | BH22: 1.66303 | BI22: 340.25 | BJ22: 6.91433 | BK22: 170.973 | BL22: 0.94731851 | BM22: 0.1678553 | BN22: 0.062586084 | BO22: 0 | BP22: Healthy | BQ22: TRUE | BR22: FALSE | BS22: FALSE | BT22: FALSE | BU22: FALSE | BV22: FALSE | BW22: NA | BX22: NA | BY22: NA | BZ22: NA | CA22: NA | CB22: -0.73662595 | CC22: -0.4131385 | CD22: =IF(CC22<=_xlfn.PERCENTILE.EXC(CC$2:CC$312, 1/3), "Low", IF(CC22<=_xlfn.PERCENTILE.EXC(CC$2:CC$312, 2/3), "Medium", "High")) -> Low | CE22: =IF(CC22<MEDIAN(CC22:CC460),"antiinflamatoria","proinflamatoria") -> antiinflamatoria | CF22: 37.732852 | CG22: High-fat | CH22: 0.093751933 | CI22: 0.17321844 | CJ22: 0.00249428 | CK22: 0.06182103 | CL22: 0.18935911 | CM22: 430.167 | CN22: =IF(CM22>1000, "High","low") -> low | CO22: 395.433 | CP22: 332.059 | CQ22: 63.374 | CR22: 324.427 | CS22: 57.195 | CT22: 5.849 | CU22: 0 | CV22: 5.849 | CW22: 0 | CX22: 7.962 | CY22: 7.962 | CZ22: 0 | DA22: 5.847 | DB22: 0 | DC22: 0 | DD22: 65.185 | DE22: 0.172 | DF22: 18.15 | DG22: 18.323 | DH22: 4.035 | DI22: 0.798 | DJ22: 4.832 | DK22: 233.816 | DL22: 2.262 | DM22: 236.078 | DN22: 0.114 | DO22: 2.455 | DP22: 2.569 | DQ22: 22.867 | DR22: 31.735 | DS22: 54.601 | DT22: 0 | DU22: 7.962 | DV22: 7.962 | DW22: LOW | DX22: MEDIUM | DY22: HIGH | DZ22: LOW | EA22: 241.205 | EB22: =IF(EA22<510,"low","high") -> low | EC22: 221.729 | ED22: 181.914 | EE22: 32.07 | EF22: LOW | EG22: MEDIUM | EH22: HIGH | EI22: LOW | EJ22: Moderate | EK22: Moderate drinker | EL22: No | EM22: Never | EN22: Plausible_reporter | EO22: Plausible_reporter
A23: MI_022 | B23: Medellín | C23: Female | D23: 19 | E23: 18-40 | F23: 43.2 | G23: 47 | H23: Normal | I23: 8 | J23: 78 | K23: 133 | L23: 38 | M23: 2.8297872 | N23: =LOG10(L23/G23) -> -0.092314261 | O23: =IF(N23<0.1,"Low", IF(N23<=0.26, "Medium", "High")) -> Low | P23: 147.2 | Q23: 0.37 | R23: 77 | S23: 4.85 | T23: 7.91 | U23: 11.41 | V23: 0.69325153 | W23: 9.29 | X23: 4.2735 | Y23: 147.8 | Z23: 240.20685 | AA23: 86.7 | AB23: 56.673899 | AC23: 1.7644807 | AD23: 0.34984157 | AE23: 53.4 | AF23: 1.547 | AG23: 22.313137 | AH23: Normal | AI23: 36.178228 | AJ23: 72 | AK23: Normal | AL23: Normal | AM23: No | AN23: No | AO23: Moderate | AP23: 106 | AQ23: 78 | AR23: 1965.71 | AS23: 19.1543 | AT23: 828.117 | AU23: 1099.64 | AV23: 13.8875 | AW23: 1745.71 | AX23: 3667.02 | AY23: 231.24 | AZ23: 10.5452 | BA23: 1.43476 | BB23: 3.38818 | BC23: 889.099 | BD23: 1.17529 | BE23: 1.96543 | BF23: 14.7209 | BG23: 4.89228 | BH23: 2.12219 | BI23: 367.866 | BJ23: 7.34293 | BK23: 207.993 | BL23: 0 | BM23: 0 | BN23: 0 | BO23: 0 | BP23: Healthy | BQ23: FALSE | BR23: FALSE | BS23: TRUE | BT23: FALSE | BU23: FALSE | BV23: FALSE | BW23: 59.746176 | BX23: 5.5110419 | BY23: 7.0335062 | BZ23: 3.7150705 | CA23: 1.6431307 | CB23: -0.37148513 | CC23: -0.1889548 | CD23: =IF(CC23<=_xlfn.PERCENTILE.EXC(CC$2:CC$312, 1/3), "Low", IF(CC23<=_xlfn.PERCENTILE.EXC(CC$2:CC$312, 2/3), "Medium", "High")) -> Low | CE23: =IF(CC23<MEDIAN(CC23:CC460),"antiinflamatoria","proinflamatoria") -> antiinflamatoria | CF23: 33.027778 | CG23: High-fat | CH23: 0.0005454 | CI23: 0.011284135 | CJ23: 0.000639434 | CK23: 0.79248477 | CL23: 0.18154292 | CM23: 1440.545 | CN23: =IF(CM23>1000, "High","low") -> High | CO23: 942.88 | CP23: 764.903 | CQ23: 177.976 | CR23: 444.923 | CS23: 485.154 | CT23: 6.967 | CU23: 0 | CV23: 6.967 | CW23: 0 | CX23: 5.835 | CY23: 5.835 | CZ23: 0 | DA23: 4.053 | DB23: 69.398 | DC23: 0 | DD23: 307.621 | DE23: 0.197 | DF23: 1.406 | DG23: 1.603 | DH23: 1.605 | DI23: 0.439 | DJ23: 2.044 | DK23: 40.307 | DL23: 14.646 | DM23: 54.953 | DN23: 22.043 | DO23: 16.796 | DP23: 38.839 | DQ23: 307.461 | DR23: 138.854 | DS23: 446.315 | DT23: 0 | DU23: 5.835 | DV23: 5.835 | DW23: HIGH | DX23: HIGH | DY23: HIGH | DZ23: HIGH | EA23: 732.837 | EB23: =IF(EA23<510,"low","high") -> high | EC23: 479.664 | ED23: 226.342 | EE23: 246.809 | EF23: HIGH | EG23: HIGH | EH23: HIGH | EI23: HIGH | EJ23: Moderate | EK23: Never | EL23: No | EM23: Never | EN23: Plausible_reporter | EO23: Plausible_reporter
A24: MI_023 | B24: Medellín | C24: Female | D24: 56 | E24: 41-60 | F24: 54.6 | G24: 63 | H24: Normal | I24: 16 | J24: 81 | K24: 160 | L24: 80 | M24: 2.5396825 | N24: =LOG10(L24/G24) -> 0.10374944 | O24: =IF(N24<0.1,"Low", IF(N24<=0.26, "Medium", "High")) -> Medium | P24: 108.6 | Q24: 2.18 | R24: 91 | S24: 6.21 | T24: 16.49 | U24: 6.42 | V24: 2.5685358 | W24: 24.35 | X24: 5.0505 | Y24: 204 | Z24: 314.09223 | AA24: 32.5 | AB24: 18.295706 | AC24: 5.4657633 | AD24: 0.29855464 | AE24: 78.8 | AF24: 1.532 | AG24: 33.574433 | AH24: Obesity | AI24: 48.678449 | AJ24: 109.9 | AK24: Central.Obesity | AL24: Abdominal obesity | AM24: No | AN24: No | AO24: Vigorous | AP24: 133 | AQ24: 77 | AR24: 1577.59 | AS24: 13.1463 | AT24: 892.064 | AU24: 986.04 | AV24: 11.0298 | AW24: 1184.31 | AX24: 2229.86 | AY24: 168.536 | AZ24: 10.5579 | BA24: 1.21758 | BB24: 2.25604 | BC24: 788.471 | BD24: 0.779078 | BE24: 1.48242 | BF24: 11.6679 | BG24: 3.56894 | BH24: 1.95 | BI24: 282.68 | BJ24: 7.11448 | BK24: 182.972 | BL24: 7.5729222 | BM24: 2.142543 | BN24: 0.72663248 | BO24: 0.070059034 | BP24: Abnormal | BQ24: TRUE | BR24: FALSE | BS24: TRUE | BT24: FALSE | BU24: FALSE | BV24: TRUE | BW24: 49.559913 | BX24: 9.7844935 | BY24: 9.4581001 | BZ24: 4.7883351 | CA24: 2.6896688 | CB24: 0.65069432 | CC24: 0.41235382 | CD24: =IF(CC24<=_xlfn.PERCENTILE.EXC(CC$2:CC$312, 1/3), "Low", IF(CC24<=_xlfn.PERCENTILE.EXC(CC$2:CC$312, 2/3), "Medium", "High")) -> High | CE24: =IF(CC24<MEDIAN(CC24:CC461),"antiinflamatoria","proinflamatoria") -> proinflamatoria | CF24: 48.120109 | CG24: High-fat | CH24: 0.031415036 | CI24: 0.11766076 | CJ24: 0.60643833 | CK24: 0.20864399 | CL24: 0.004349177 | CM24: 305.216 | CN24: =IF(CM24>1000, "High","low") -> low | CO24: 36.236 | CP24: 30.116 | CQ24: 6.119 | CR24: 30.831 | CS24: 4.864 | CT24: 0.298 | CU24: 0 | CV24: 0.298 | CW24: 0 | CX24: 0.243 | CY24: 0.243 | CZ24: 0 | DA24: 0.298 | DB24: 0 | DC24: 0 | DD24: 11.892 | DE24: 0.006 | DF24: 0.044 | DG24: 0.05 | DH24: 2.92 | DI24: 0.006 | DJ24: 2.926 | DK24: 12.773 | DL24: 3.19 | DM24: 15.963 | DN24: 0.554 | DO24: 0.24 | DP24: 0.794 | DQ24: 1.673 | DR24: 2.397 | DS24: 4.07 | DT24: 0 | DU24: 0.243 | DV24: 0.243 | DW24: LOW | DX24: LOW | DY24: LOW | DZ24: LOW | EA24: 193.47 | EB24: =IF(EA24<510,"low","high") -> low | EC24: 22.969 | ED24: 19.543 | EE24: 3.083 | EF24: LOW | EG24: LOW | EH24: LOW | EI24: LOW | EJ24: High | EK24: Never | EL24: No | EM24: Never | EN24: Under_reporter | EO24: Under_reporter
A25: MI_024 | B25: Medellín | C25: Men | D25: 39 | E25: 18-40 | F25: 94.5 | G25: 46 | H25: Normal | I25: 40 | J25: 161 | K25: 247 | L25: 201 | M25: 5.3695652 | N25: =LOG10(L25/G25) -> 0.64043823 | O25: =IF(N25<0.1,"Low", IF(N25<=0.26, "Medium", "High")) -> High | P25: 199.3 | Q25: 1.21 | R25: 95 | S25: 5.37 | T25: 1.28 | U25: 2.48 | V25: 0.51612903 | W25: 10.23 | X25: 5.2725 | Y25: 103.8 | Z25: 115.43018 | AA25: 74.6 | AB25: 41.714813 | AC25: 2.39723 | AD25: 0.33427716 | AE25: 82.2 | AF25: 1.702 | AG25: 28.3761 | AH25: Overweight | AI25: 37.113555 | AJ25: 94.8 | AK25: Central.Obesity | AL25: Abdominal obesity | AM25: Yes | AN25: Yes | AO25: Moderate | AP25: 118 | AQ25: 84 | AR25: 2472.16 | AS25: 27.4747 | AT25: 995.913 | AU25: 1286.09 | AV25: 22.2389 | AW25: 1362.1 | AX25: 4299.64 | AY25: 293.841 | AZ25: 10.7411 | BA25: 2.6713 | BB25: 3.4418 | BC25: 1013.96 | BD25: 1.12383 | BE25: 2.14629 | BF25: 16.5685 | BG25: 5.85429 | BH25: 1.26979 | BI25: 389.39 | BJ25: 7.25713 | BK25: 303.985 | BL25: 15.828856 | BM25: 3.148702 | BN25: 1.5592389 | BO25: 0 | BP25: Abnormal | BQ25: TRUE | BR25: TRUE | BS25: TRUE | BT25: TRUE | BU25: FALSE | BV25: FALSE | BW25: 18.57388 | BX25: 8.4619736 | BY25: 2.9114369 | BZ25: 1.472166 | CA25: 0.52056218 | CB25: -1.0989432 | CC25: -0.44455632 | CD25: =IF(CC25<=_xlfn.PERCENTILE.EXC(CC$2:CC$312, 1/3), "Low", IF(CC25<=_xlfn.PERCENTILE.EXC(CC$2:CC$312, 2/3), "Medium", "High")) -> Low | CE25: =IF(CC25<MEDIAN(CC25:CC462),"antiinflamatoria","proinflamatoria") -> antiinflamatoria | CF25: 28.092827 | CG25: High-fat | CH25: 0.22724462 | CI25: 0.34218491 | CJ25: 0.005792574 | CK25: 0.052295877 | CL25: 0.1749162 | CM25: 1798.267 | CN25: =IF(CM25>1000, "High","low") -> High | CO25: 1350.12 | CP25: 1095.863 | CQ25: 254.257 | CR25: 543.868 | CS25: 796.948 | CT25: 5.922 | CU25: 0 | CV25: 5.922 | CW25: 0 | CX25: 3.382 | CY25: 3.382 | CZ25: 0 | DA25: 2.493 | DB25: 358.45 | DC25: 0 | DD25: 74.87 | DE25: 0.49 | DF25: 17.387 | DG25: 17.877 | DH25: 0 | DI25: 3.185 | DJ25: 3.185 | DK25: 79.192 | DL25: 10.276 | DM25: 89.469 | DN25: 34.106 | DO25: 27.667 | DP25: 61.773 | DQ25: 542.794 | DR25: 192.339 | DS25: 735.133 | DT25: 0 | DU25: 3.382 | DV25: 3.382 | DW25: HIGH | DX25: HIGH | DY25: HIGH | DZ25: HIGH | EA25: 727.407 | EB25: =IF(EA25<510,"low","high") -> high | EC25: 546.13 | ED25: 219.997 | EE25: 322.369 | EF25: HIGH | EG25: HIGH | EH25: HIGH | EI25: HIGH | EJ25: Moderate | EK25: Moderate drinker | EL25: Yes | EM25: Current | EN25: Over_reporter | EO25: Over_reporter
A26: MI_025 | B26: Medellín | C26: Female | D26: 53 | E26: 41-60 | F26: 106 | G26: 44 | H26: Normal | I26: 33 | J26: 156 | K26: 233 | L26: 166 | M26: 5.2954545 | N26: =LOG10(L26/G26) -> 0.57665541 | O26: =IF(N26<0.1,"Low", IF(N26<=0.26, "Medium", "High")) -> High | P26: 190 | Q26: 4.03 | R26: 117 | S26: 6.46 | T26: 11.42 | U26: 2.73 | V26: 4.1831502 | W26: 17.78 | X26: 6.4935 | Y26: 101.7 | Z26: 118.79071 | AA26: 41.4 | AB26: 19.488208 | AC26: 5.131308 | AD26: 0.30101914 | AE26: 82.5 | AF26: 1.559 | AG26: 33.943898 | AH26: Obesity | AI26: 44.986526 | AJ26: 110.9 | AK26: Central.Obesity | AL26: Abdominal obesity | AM26: No | AN26: Yes | AO26: Light | AP26: 145 | AQ26: 78 | AR26: 1864.68 | AS26: 14.1496 | AT26: 882.78 | AU26: 1043.01 | AV26: 13.6388 | AW26: 1456.68 | AX26: 3021.14 | AY26: 226.819 | AZ26: 9.20852 | BA26: 1.42518 | BB26: 2.51078 | BC26: 963.781 | BD26: 1.19844 | BE26: 1.63314 | BF26: 15.5799 | BG26: 4.212 | BH26: 1.81504 | BI26: 318.632 | BJ26: 6.87113 | BK26: 124.404 | BL26: 8.7954935 | BM26: 1.7614835 | BN26: 0.98172116 | BO26: 0.054324005 | BP26: Abnormal | BQ26: TRUE | BR26: TRUE | BS26: TRUE | BT26: TRUE | BU26: TRUE | BV26: TRUE | BW26: 45.739043 | BX26: 7.6386522 | BY26: 2.9465339 | BZ26: 1.7054574 | CA26: 0.57766933 | CB26: 0.53845266 | CC26: 0.28871456 | CD26: =IF(CC26<=_xlfn.PERCENTILE.EXC(CC$2:CC$312, 1/3), "Low", IF(CC26<=_xlfn.PERCENTILE.EXC(CC$2:CC$312, 2/3), "Medium", "High")) -> Medium | CE26: =IF(CC26<MEDIAN(CC26:CC463),"antiinflamatoria","proinflamatoria") -> proinflamatoria | CF26: 47.884581 | CG26: High-fat | CH26: 0.001002908 | CI26: 0.17079531 | CJ26: 0.016046535 | CK26: 0.63784976 | CL26: 0.087487046 | CM26: 1584.089 | CN26: =IF(CM26>1000, "High","low") -> High | CO26: 1027.29 | CP26: 792.948 | CQ26: 234.342 | CR26: 305.854 | CS26: 703.651 | CT26: 16.043 | CU26: 0 | CV26: 16.043 | CW26: 0 | CX26: 1.742 | CY26: 1.742 | CZ26: 0 | DA26: 10.894 | DB26: 0 | DC26: 0 | DD26: 292.543 | DE26: 0.051 | DF26: 0.366 | DG26: 0.417 | DH26: 3.624 | DI26: 0.107 | DJ26: 3.73 | DK26: 7.806 | DL26: 1.358 | DM26: 9.163 | DN26: 0.083 | DO26: 4.366 | DP26: 4.449 | DQ26: 472.797 | DR26: 226.404 | DS26: 699.201 | DT26: 0 | DU26: 1.742 | DV26: 1.742 | DW26: HIGH | DX26: HIGH | DY26: HIGH | DZ26: HIGH | EA26: 849.523 | EB26: =IF(EA26<510,"low","high") -> high | EC26: 550.92 | ED26: 164.025 | EE26: 377.357 | EF26: HIGH | EG26: HIGH | EH26: HIGH | EI26: HIGH | EJ26: Low | EK26: Moderate drinker | EL26: No | EM26: Former | EN26: Plausible_reporter | EO26: Plausible_reporter
A27: MI_026 | B27: Medellín | C27: Female | D27: 46 | E27: 41-60 | F27: 87.2 | G27: 52 | H27: Normal | I27: 28 | J27: 123 | K27: 203 | L27: 140 | M27: 3.9038462 | N27: =LOG10(L27/G27) -> 0.43012469 | O27: =IF(N27<0.1,"Low", IF(N27<=0.26, "Medium", "High")) -> High | P27: 125.5 | Q27: 4.79 | R27: 99 | S27: 5.84 | T27: 7.72 | U27: 9.55 | V27: 0.80837696 | W27: 15.66 | X27: 5.4945 | Y27: 128.2 | Z27: 157.03184 | AA27: 48.7 | AB27: 26.149451 | AC27: 3.824172 | AD27: 0.31305202 | AE27: 63.8 | AF27: 1.56 | AG27: 26.216305 | AH27: Overweight | AI27: 40.414001 | AJ27: 82.1 | AK27: Central.Obesity | AL27: Normal | AM27: No | AN27: Yes | AO27: Vigorous | AP27: 157 | AQ27: 102 | AR27: 1660.25 | AS27: 21.5765 | AT27: 430.85 | AU27: 820.9 | AV27: 12.8917 | AW27: 1039.59 | AX27: 3074.39 | AY27: 222.602 | AZ27: 10.3347 | BA27: 1.44619 | BB27: 3.65654 | BC27: 836.799 | BD27: 1.11738 | BE27: 1.53958 | BF27: 12.4738 | BG27: 4.89228 | BH27: 1.95 | BI27: 358.379 | BJ27: 7.06945 | BK27: 247.999 | BL27: 3.2084387 | BM27: 1.116887 | BN27: 0.710056 | BO27: 0.023733902 | BP27: Abnormal | BQ27: TRUE | BR27: FALSE | BS27: FALSE | BT27: FALSE | BU27: TRUE | BV27: TRUE | BW27: 25.897022 | BX27: 2.8662364 | BY27: 0.89300882 | BZ27: 1.0415916 | CA27: 0.42968654 | CB27: -1.2912253 | CC27: -0.77784658 | CD27: =IF(CC27<=_xlfn.PERCENTILE.EXC(CC$2:CC$312, 1/3), "Low", IF(CC27<=_xlfn.PERCENTILE.EXC(CC$2:CC$312, 2/3), "Medium", "High")) -> Low | CE27: =IF(CC27<MEDIAN(CC27:CC464),"antiinflamatoria","proinflamatoria") -> antiinflamatoria | CF27: 37.997564 | CG27: High-fat | CH27: 0.013747828 | CI27: 0.50619811 | CJ27: 0.023518054 | CK27: 0.43846302 | CL27: 0.004904422 | CM27: 919.447 | CN27: =IF(CM27>1000, "High","low") -> low | CO27: 574.006 | CP27: 399.08 | CQ27: 174.926 | CR27: 421.118 | CS27: 124.935 | CT27: 15.906 | CU27: 0 | CV27: 15.906 | CW27: 0 | CX27: 12.048 | CY27: 12.048 | CZ27: 0 | DA27: 4.058 | DB27: 0 | DC27: 0 | DD27: 97.639 | DE27: 200.537 | DF27: 64.935 | DG27: 265.472 | DH27: 30.367 | DI27: 0.717 | DJ27: 31.084 | DK27: 21.188 | DL27: 5.736 | DM27: 26.923 | DN27: 0.371 | DO27: 7.968 | DP27: 8.339 | DQ27: 33.052 | DR27: 83.501 | DS27: 116.553 | DT27: 0 | DU27: 12.048 | DV27: 12.048 | DW27: MEDIUM | DX27: MEDIUM | DY27: HIGH | DZ27: MEDIUM | EA27: 553.8 | EB27: =IF(EA27<510,"low","high") -> high | EC27: 345.735 | ED27: 253.647 | EE27: 75.25 | EF27: MEDIUM | EG27: MEDIUM | EH27: HIGH | EI27: MEDIUM | EJ27: High | EK27: Moderate drinker | EL27: No | EM27: Never | EN27: Plausible_reporter | EO27: Plausible_reporter
A28: MI_027 | B28: Medellín | C28: Men | D28: 41 | E28: 41-60 | F28: 183 | G28: 25 | H28: Low | I28: 45 | J28: 121 | K28: 174 | L28: 231 | M28: 6.96 | N28: =LOG10(L28/G28) -> 0.96567197 | O28: =IF(N28<0.1,"Low", IF(N28<=0.26, "Medium", "High")) -> High | P28: 186.2 | Q28: 1.46 | R28: 90 | S28: 5.89 | T28: 1.42 | U28: 1.77 | V28: 0.80225989 | W28: 35.3 | X28: 4.995 | Y28: 268.5 | Z28: 472.2408 | AA28: 22.9 | AB28: 12.760636 | AC28: 7.8366 | AD28: 0.2852296 | AE28: 75.5 | AF28: 1.668 | AG28: 27.136564 | AH28: Overweight | AI28: 35.469624 | AJ28: 93.3 | AK28: Central.Obesity | AL28: Abdominal obesity | AM28: No | AN28: Yes | AO28: Vigorous | AP28: 132 | AQ28: 91 | AR28: 2252.77 | AS28: 13.7832 | AT28: 1127.59 | AU28: 1343.86 | AV28: 12.7956 | AW28: 1543.83 | AX28: 4381.84 | AY28: 263.276 | AZ28: 10.4182 | BA28: 2.11632 | BB28: 3.13283 | BC28: 740.912 | BD28: 1.19432 | BE28: 2.33203 | BF28: 14.7363 | BG28: 5.58166 | BH28: 1.4891 | BI28: 327.726 | BJ28: 7.19898 | BK28: 96.9618 | BL28: 21.184388 | BM28: 7.9601905 | BN28: 2.6598416 | BO28: 0.18229609 | BP28: Abnormal | BQ28: TRUE | BR28: TRUE | BS28: TRUE | BT28: TRUE | BU28: FALSE | BV28: TRUE | BW28: 9.2705957 | BX28: 1.2760585 | BY28: 0.52044925 | BZ28: 0.25799188 | CA28: 0.096266952 | CB28: 0.71736023 | CC28: 0.31840223 | CD28: =IF(CC28<=_xlfn.PERCENTILE.EXC(CC$2:CC$312, 1/3), "Low", IF(CC28<=_xlfn.PERCENTILE.EXC(CC$2:CC$312, 2/3), "Medium", "High")) -> Medium | CE28: =IF(CC28<MEDIAN(CC28:CC465),"antiinflamatoria","proinflamatoria") -> proinflamatoria | CF28: 28.244373 | CG28: High-fat | CH28: 0.20917538 | CI28: 0.1279036 | CJ28: 0.28945993 | CK28: 0.000842044 | CL28: 0.07775842 | CM28: 393.195 | CN28: =IF(CM28>1000, "High","low") -> low | CO28: 95.544 | CP28: 29.795 | CQ28: 65.749 | CR28: 0.06 | CS28: 92.477 | CT28: 0 | CU28: 0 | CV28: 0 | CW28: 0 | CX28: 3.008 | CY28: 3.008 | CZ28: 0 | DA28: 0 | DB28: 0 | DC28: 0 | DD28: 0 | DE28: 0 | DF28: 0 | DG28: 0 | DH28: 0 | DI28: 0.002 | DJ28: 0.002 | DK28: 0 | DL28: 0.058 | DM28: 0.058 | DN28: 0.214 | DO28: 0.96 | DP28: 1.174 | DQ28: 29.546 | DR28: 61.687 | DS28: 91.233 | DT28: 0 | DU28: 3.008 | DV28: 3.008 | DW28: LOW | DX28: LOW | DY28: LOW | DZ28: LOW | EA28: 174.539 | EB28: =IF(EA28<510,"low","high") -> low | EC28: 42.412 | ED28: 0.027 | EE28: 41.05 | EF28: LOW | EG28: LOW | EH28: LOW | EI28: LOW | EJ28: High | EK28: Moderate drinker | EL28: No | EM28: Never | EN28: Plausible_reporter | EO28: Plausible_reporter
A29: MI_028 | B29: Medellín | C29: Female | D29: 23 | E29: 18-40 | F29: 148 | G29: 70 | H29: Normal | I29: 23 | J29: 89 | K29: 182 | L29: 116 | M29: 2.6 | N29: =LOG10(L29/G29) -> 0.21935995 | O29: =IF(N29<0.1,"Low", IF(N29<=0.26, "Medium", "High")) -> Medium | P29: 179.4 | Q29: 2.54 | R29: 77 | S29: 4.91 | T29: 2.81 | U29: 12.56 | V29: 0.22372612 | W29: 7.62 | X29: 4.2735 | Y29: 129.4 | Z29: 197.0265 | AA29: 105.4 | AB29: 69.094557 | AC29: 1.447292 | AD29: 0.36070144 | AE29: 50.4 | AF29: 1.532 | AG29: 21.474003 | AH29: Normal | AI29: 33.841822 | AJ29: 69.7 | AK29: Normal | AL29: Normal | AM29: No | AN29: Yes | AO29: Light | AP29: 96 | AQ29: 67 | AR29: 1727.53 | AS29: 16.6148 | AT29: 801.426 | AU29: 1030.66 | AV29: 12.7429 | AW29: 1133.96 | AX29: 3552.28 | AY29: 221.106 | AZ29: 10.1716 | BA29: 1.07751 | BB29: 2.91118 | BC29: 711.218 | BD29: 1.00482 | BE29: 1.88672 | BF29: 13.1135 | BG29: 4.70953 | BH29: 0.981839 | BI29: 365.633 | BJ29: 7.20904 | BK29: 178.897 | BL29: 5.0886714 | BM29: 1.2325972 | BN29: 0.69164967 | BO29: 0.017529919 | BP29: Healthy | BQ29: FALSE | BR29: FALSE | BS29: FALSE | BT29: FALSE | BU29: FALSE | BV29: FALSE | BW29: 12.123634 | BX29: 1.214856 | BY29: 0.76408311 | BZ29: 0.20658472 | CA29: 0.27002349 | CB29: 0.49713018 | CC29: 0.28769108 | CD29: =IF(CC29<=_xlfn.PERCENTILE.EXC(CC$2:CC$312, 1/3), "Low", IF(CC29<=_xlfn.PERCENTILE.EXC(CC$2:CC$312, 2/3), "Medium", "High")) -> Medium | CE29: =IF(CC29<MEDIAN(CC29:CC466),"antiinflamatoria","proinflamatoria") -> proinflamatoria | CF29: 32.040172 | CG29: High-fat | CH29: 0.009484551 | CI29: 0.40258272 | CJ29: 0.030569438 | CK29: 0.25476963 | CL29: 0.050450516 | CM29: 1394.185 | CN29: =IF(CM29>1000, "High","low") -> High | CO29: 1303.908 | CP29: 1007.107 | CQ29: 296.801 | CR29: 329.67 | CS29: 895.698 | CT29: 12.113 | CU29: 0 | CV29: 12.113 | CW29: 0 | CX29: 66.427 | CY29: 66.427 | CZ29: 0 | DA29: 7.074 | DB29: 2.007 | DC29: 0 | DD29: 271.04 | DE29: 0.748 | DF29: 0 | DG29: 0.748 | DH29: 4.227 | DI29: 0.421 | DJ29: 4.648 | DK29: 29.373 | DL29: 10.224 | DM29: 39.597 | DN29: 3.23 | DO29: 1.448 | DP29: 4.678 | DQ29: 672.739 | DR29: 218.281 | DS29: 891.02 | DT29: 0 | DU29: 66.427 | DV29: 66.427 | DW29: HIGH | DX29: HIGH | DY29: HIGH | DZ29: HIGH | EA29: 807.04 | EB29: =IF(EA29<510,"low","high") -> high | EC29: 754.781 | ED29: 190.833 | EE29: 518.485 | EF29: HIGH | EG29: HIGH | EH29: HIGH | EI29: HIGH | EJ29: Low | EK29: Moderate drinker | EL29: No | EM29: Never | EN29: Plausible_reporter | EO29: Plausible_reporter
A30: MI_029 | B30: Medellín | C30: Female | D30: 27 | E30: 18-40 | F30: 147 | G30: 60 | H30: Normal | I30: 20 | J30: 92 | K30: 172 | L30: 100 | M30: 2.8666667 | N30: =LOG10(L30/G30) -> 0.22184875 | O30: =IF(N30<0.1,"Low", IF(N30<=0.26, "Medium", "High")) -> Medium | P30: 260.2 | Q30: 8.96 | R30: 81 | S30: 5.27 | T30: 13.84 | U30: 2.14 | V30: 6.4672897 | W30: 18.62 | X30: 4.4955 | Y30: 213.1 | Z30: 374.08338 | AA30: 43.4 | AB30: 26.879726 | AC30: 3.720276 | AD30: 0.31422875 | AE30: 85.1 | AF30: 1.601 | AG30: 33.200674 | AH30: Obesity | AI30: 39.949599 | AJ30: 105.5 | AK30: Central.Obesity | AL30: Abdominal obesity | AM30: No | AN30: Yes | AO30: Vigorous | AP30: 124 | AQ30: 80 | AR30: 1700.54 | AS30: 14.6637 | AT30: 264.28 | AU30: 653.326 | AV30: 11.0231 | AW30: 710.289 | AX30: 2615.78 | AY30: 167.55 | AZ30: 8.27407 | BA30: 0.944742 | BB30: 2.14073 | BC30: 461.353 | BD30: 1.28597 | BE30: 1.85742 | BF30: 14.8382 | BG30: 3.75373 | BH30: 0.803635 | BI30: 274.142 | BJ30: 7.02802 | BK30: 195.535 | BL30: 8.5697699 | BM30: 1.7205567 | BN30: 0.87592878 | BO30: 0.14155567 | BP30: Abnormal | BQ30: FALSE | BR30: FALSE | BS30: FALSE | BT30: FALSE | BU30: TRUE | BV30: TRUE | BW30: 11.45787 | BX30: 0.96429762 | BY30: 1.0108864 | BZ30: 0.14147415 | CA30: 0.34409587 | CB30: 0.52125189 | CC30: 0.3064385 | CD30: =IF(CC30<=_xlfn.PERCENTILE.EXC(CC$2:CC$312, 1/3), "Low", IF(CC30<=_xlfn.PERCENTILE.EXC(CC$2:CC$312, 2/3), "Medium", "High")) -> Medium | CE30: =IF(CC30<MEDIAN(CC30:CC467),"antiinflamatoria","proinflamatoria") -> proinflamatoria | CF30: 45.649289 | CG30: High-fat | CH30: 0.24966749 | CI30: 0.22228289 | CJ30: 0.067453484 | CK30: 0.033068728 | CL30: 0.11624456 | CM30: 437.041 | CN30: =IF(CM30>1000, "High","low") -> low | CO30: 265.075 | CP30: 195.838 | CQ30: 69.237 | CR30: 3.853 | CS30: 252.838 | CT30: 2.109 | CU30: 0 | CV30: 2.109 | CW30: 0 | CX30: 6.275 | CY30: 6.275 | CZ30: 0 | DA30: 0.541 | DB30: 0 | DC30: 0 | DD30: 0 | DE30: 0 | DF30: 0 | DG30: 0 | DH30: 3.728 | DI30: 0.004 | DJ30: 3.732 | DK30: 0 | DL30: 0.121 | DM30: 0.121 | DN30: 0.029 | DO30: 0.216 | DP30: 0.245 | DQ30: 189.972 | DR30: 62.62 | DS30: 252.592 | DT30: 0 | DU30: 6.275 | DV30: 6.275 | DW30: LOW | DX30: LOW | DY30: LOW | DZ30: MEDIUM | EA30: 257.001 | EB30: =IF(EA30<510,"low","high") -> low | EC30: 155.877 | ED30: 2.266 | EE30: 148.681 | EF30: LOW | EG30: LOW | EH30: LOW | EI30: MEDIUM | EJ30: High | EK30: Moderate drinker | EL30: No | EM30: Former | EN30: Plausible_reporter | EO30: Plausible_reporter
A31: MI_030 | B31: Medellín | C31: Men | D31: 56 | E31: 41-60 | F31: 203 | G31: 47 | H31: Normal | I31: 39 | J31: 117 | K31: 203 | L31: 197 | M31: 4.3191489 | N31: =LOG10(L31/G31) -> 0.62236837 | O31: =IF(N31<0.1,"Low", IF(N31<=0.26, "Medium", "High")) -> High | P31: 70.3 | Q31: 1.04 | R31: 92 | S31: 5.31 | T31: 6.99 | U31: 7.1 | V31: 0.98450704 | W31: 9.06 | X31: 5.106 | Y31: 101.9 | Z31: 112.8269 | AA31: 84.7 | AB31: 48.637754 | AC31: 2.056016 | AD31: 0.34189831 | AE31: 77.6 | AF31: 1.537 | AG31: 32.848382 | AH31: Obesity | AI31: 40.837274 | AJ31: 112.8 | AK31: Central.Obesity | AL31: Abdominal obesity | AM31: No | AN31: No | AO31: Vigorous | AP31: 157 | AQ31: 101 | AR31: 1871.58 | AS31: 16.3619 | AT31: 835.479 | AU31: 1162.25 | AV31: 13.1527 | AW31: 1589.62 | AX31: 4356.4 | AY31: 264.026 | AZ31: 10.6428 | BA31: 1.22722 | BB31: 3.07452 | BC31: 785.685 | BD31: 1.10451 | BE31: 2.2123 | BF31: 15.7757 | BG31: 5.64123 | BH31: 1.36977 | BI31: 308.122 | BJ31: 7.2876 | BK31: 173.501 | BL31: 16.812622 | BM31: 2.8095402 | BN31: 2.9062832 | BO31: 0.027943414 | BP31: Abnormal | BQ31: TRUE | BR31: TRUE | BS31: TRUE | BT31: FALSE | BU31: FALSE | BV31: FALSE | BW31: NA | BX31: NA | BY31: NA | BZ31: NA | CA31: NA | CB31: 0.06187926 | CC31: 0.03305516 | CD31: =IF(CC31<=_xlfn.PERCENTILE.EXC(CC$2:CC$312, 1/3), "Low", IF(CC31<=_xlfn.PERCENTILE.EXC(CC$2:CC$312, 2/3), "Medium", "High")) -> Medium | CE31: =IF(CC31<MEDIAN(CC31:CC468),"antiinflamatoria","proinflamatoria") -> antiinflamatoria | CF31: 36.748227 | CG31: High-fat | CH31: 0.011048764 | CI31: 0.41329824 | CJ31: 0.38424868 | CK31: 0.078781408 | CL31: 0.085187208 | CM31: 547.809 | CN31: =IF(CM31>1000, "High","low") -> low | CO31: 100.849 | CP31: 33.044 | CQ31: 67.805 | CR31: 4.597 | CS31: 92.761 | CT31: 0.668 | CU31: 0 | CV31: 0.668 | CW31: 0 | CX31: 2.822 | CY31: 2.822 | CZ31: 0 | DA31: 0.38 | DB31: 0 | DC31: 0 | DD31: 0 | DE31: 0.001 | DF31: 0.008 | DG31: 0.01 | DH31: 3.7 | DI31: 0.008 | DJ31: 3.708 | DK31: 0.65 | DL31: 0.23 | DM31: 0.88 | DN31: 0.271 | DO31: 1.266 | DP31: 1.538 | DQ31: 27.718 | DR31: 63.435 | DS31: 91.154 | DT31: 0 | DU31: 2.822 | DV31: 2.822 | DW31: LOW | DX31: LOW | DY31: LOW | DZ31: LOW | EA31: 292.699 | EB31: =IF(EA31<510,"low","high") -> low | EC31: 53.884 | ED31: 2.456 | EE31: 49.563 | EF31: LOW | EG31: LOW | EH31: LOW | EI31: LOW | EJ31: High | EK31: Never | EL31: No | EM31: Never | EN31: Plausible_reporter | EO31: Plausible_reporter
A32: MI_031 | B32: Medellín | C32: Men | D32: 42 | E32: 41-60 | F32: 194 | G32: 49 | H32: Normal | I32: 69 | J32: 115 | K32: 233 | L32: 344 | M32: 4.755102 | N32: =LOG10(L32/G32) -> 0.84636236 | O32: =IF(N32<0.1,"Low", IF(N32<=0.26, "Medium", "High")) -> High | P32: 200.8 | Q32: 1.71 | R32: 79 | S32: 5.37 | T32: 0.44 | U32: 3.63 | V32: 0.12121212 | W32: 3.29 | X32: 4.3845 | Y32: 70.2 | Z32: 74.392312 | AA32: 240.4 | AB32: 155.97915 | AC32: 0.64111133 | AD32: 0.41343613 | AE32: 53.7 | AF32: 1.611 | AG32: 20.691082 | AH32: Normal | AI32: 36.154798 | AJ32: 79.8 | AK32: Normal | AL32: Normal | AM32: No | AN32: No | AO32: Vigorous | AP32: 155 | AQ32: 103 | AR32: 2168.14 | AS32: 20.0657 | AT32: 690.308 | AU32: 1093.21 | AV32: 13.1515 | AW32: 1343.01 | AX32: 3592.44 | AY32: 273.331 | AZ32: 9.89195 | BA32: 2.05827 | BB32: 3.49751 | BC32: 930.152 | BD32: 0.95172 | BE32: 1.62528 | BF32: 18.7139 | BG32: 5.01862 | BH32: 1.64782 | BI32: 321.606 | BJ32: 6.68597 | BK32: 213.214 | BL32: 11.874102 | BM32: 3.6846454 | BN32: 1.295281 | BO32: 0.073771792 | BP32: Abnormal | BQ32: TRUE | BR32: TRUE | BS32: FALSE | BT32: FALSE | BU32: FALSE | BV32: FALSE | BW32: 9.1552741 | BX32: 0.78510349 | BY32: 0.69832272 | BZ32: 0.035632946 | CA32: 0.39434521 | CB32: -0.44714847 | CC32: -0.20624929 | CD32: =IF(CC32<=_xlfn.PERCENTILE.EXC(CC$2:CC$312, 1/3), "Low", IF(CC32<=_xlfn.PERCENTILE.EXC(CC$2:CC$312, 2/3), "Medium", "High")) -> Low | CE32: =IF(CC32<MEDIAN(CC32:CC469),"antiinflamatoria","proinflamatoria") -> antiinflamatoria | CF32: 23.62406 | CG32: High-fat | CH32: 0.16409248 | CI32: 0.21169643 | CJ32: 0.18661 | CK32: 0.083853985 | CL32: 0.050902287 | CM32: 1459.852 | CN32: =IF(CM32>1000, "High","low") -> High | CO32: 1285.488 | CP32: 1199.389 | CQ32: 86.099 | CR32: 803.208 | CS32: 467.318 | CT32: 2.208 | CU32: 0 | CV32: 2.208 | CW32: 0 | CX32: 12.754 | CY32: 12.754 | CZ32: 0 | DA32: 2.174 | DB32: 395.271 | DC32: 0 | DD32: 304.603 | DE32: 0.074 | DF32: 0.531 | DG32: 0.605 | DH32: 21.157 | DI32: 0.138 | DJ32: 21.295 | DK32: 76.541 | DL32: 4.892 | DM32: 81.433 | DN32: 13.471 | DO32: 15.938 | DP32: 29.41 | DQ32: 386.042 | DR32: 51.824 | DS32: 437.866 | DT32: 0 | DU32: 12.754 | DV32: 12.754 | DW32: HIGH | DX32: HIGH | DY32: HIGH | DZ32: MEDIUM | EA32: 673.32 | EB32: =IF(EA32<510,"low","high") -> high | EC32: 592.899 | ED32: 370.459 | EE32: 215.539 | EF32: HIGH | EG32: HIGH | EH32: HIGH | EI32: MEDIUM | EJ32: High | EK32: Never | EL32: No | EM32: Never | EN32: Plausible_reporter | EO32: Plausible_reporter
A33: MI_032 | B33: Medellín | C33: Men | D33: 31 | E33: 18-40 | F33: 190 | G33: 29 | H33: Low | I33: 30 | J33: 125 | K33: 184 | L33: 149 | M33: 6.3448276 | N33: =LOG10(L33/G33) -> 0.71078827 | O33: =IF(N33<0.1,"Low", IF(N33<=0.26, "Medium", "High")) -> High | P33: 422.1 | Q33: 0.21 | R33: 81 | S33: 5 | T33: 0.7 | U33: 1.86 | V33: 0.37634409 | W33: 7.96 | X33: 4.4955 | Y33: 120.4 | Z33: 159.91964 | AA33: 99.6 | AB33: 62.876947 | AC33: 1.590408 | AD33: 0.35545086 | AE33: 71.9 | AF33: 1.687 | AG33: 25.263803 | AH33: Overweight | AI33: 31.063384 | AJ33: 86.3 | AK33: Central.Obesity | AL33: Normal | AM33: No | AN33: Yes | AO33: Moderate | AP33: 121 | AQ33: 70 | AR33: 1966.66 | AS33: 18.7288 | AT33: 515.045 | AU33: 872.37 | AV33: 11.6922 | AW33: 1083.45 | AX33: 2950.96 | AY33: 238.036 | AZ33: 9.81053 | BA33: 1.01469 | BB33: 3.01619 | BC33: 831.975 | BD33: 1.01088 | BE33: 1.5928 | BF33: 10.889 | BG33: 4.85796 | BH33: 2.12929 | BI33: 309.314 | BJ33: 6.87959 | BK33: 177.339 | BL33: 8.4013604 | BM33: 1.7313888 | BN33: 0.6112517 | BO33: 0.12366003 | BP33: Healthy | BQ33: FALSE | BR33: FALSE | BS33: TRUE | BT33: FALSE | BU33: FALSE | BV33: FALSE | BW33: 8.9558945 | BX33: 0.73392056 | BY33: 0.58306579 | BZ33: 0.051937271 | CA33: 0.26382418 | CB33: -0.32977729 | CC33: -0.16765495 | CD33: =IF(CC33<=_xlfn.PERCENTILE.EXC(CC$2:CC$312, 1/3), "Low", IF(CC33<=_xlfn.PERCENTILE.EXC(CC$2:CC$312, 2/3), "Medium", "High")) -> Low | CE33: =IF(CC33<MEDIAN(CC33:CC470),"antiinflamatoria","proinflamatoria") -> antiinflamatoria | CF33: 24.903824 | CG33: High-fat | CH33: 0.001469484 | CI33: 0.30441172 | CJ33: 0.053423897 | CK33: 0.52117689 | CL33: 0.034092022 | CM33: 1178.202 | CN33: =IF(CM33>1000, "High","low") -> High | CO33: 296.902 | CP33: 235.351 | CQ33: 61.551 | CR33: 201.526 | CS33: 82.309 | CT33: 0 | CU33: 0 | CV33: 0 | CW33: 0 | CX33: 13.068 | CY33: 13.068 | CZ33: 0 | DA33: 0 | DB33: 0 | DC33: 0 | DD33: 192.672 | DE33: 0 | DF33: 0 | DG33: 0 | DH33: 0 | DI33: 0.041 | DJ33: 0.041 | DK33: 5.304 | DL33: 0.463 | DM33: 5.767 | DN33: 2.198 | DO33: 1.795 | DP33: 3.993 | DQ33: 32.111 | DR33: 46.163 | DS33: 78.274 | DT33: 0 | DU33: 13.068 | DV33: 13.068 | DW33: MEDIUM | DX33: LOW | DY33: MEDIUM | DZ33: LOW | EA33: 599.088 | EB33: =IF(EA33<510,"low","high") -> high | EC33: 150.968 | ED33: 102.471 | EE33: 41.852 | EF33: MEDIUM | EG33: LOW | EH33: MEDIUM | EI33: LOW | EJ33: Moderate | EK33: Moderate drinker | EL33: No | EM33: Never | EN33: Plausible_reporter | EO33: Plausible_reporter
A34: MI_033 | B34: Medellín | C34: Female | D34: 29 | E34: 18-40 | F34: 151 | G34: 75 | H34: Normal | I34: 13 | J34: 101 | K34: 189 | L34: 67 | M34: 2.52 | N34: =LOG10(L34/G34) -> -0.048986461 | O34: =IF(N34<0.1,"Low", IF(N34<=0.26, "Medium", "High")) -> Low | P34: 187.4 | Q34: 5.37 | R34: 75 | S34: 5.27 | T34: 12.53 | U34: 7.29 | V34: 1.7187929 | W34: 12.11 | X34: 4.1625 | Y34: 186 | Z34: 365.58491 | AA34: 67.4 | AB34: 44.635883 | AC34: 2.24035 | AD34: 0.33759426 | AE34: 60.1 | AF34: 1.559 | AG34: 24.727616 | AH34: Normal | AI34: 37.113555 | AJ34: 75.4 | AK34: Normal | AL34: Normal | AM34: No | AN34: Yes | AO34: Light | AP34: 102 | AQ34: 59 | AR34: 1915.28 | AS34: 12.1964 | AT34: 843.907 | AU34: 1136.19 | AV34: 14.7176 | AW34: 1609.49 | AX34: 3494.66 | AY34: 238.375 | AZ34: 10.5516 | BA34: 1.1606 | BB34: 3.75423 | BC34: 971.403 | BD34: 1.33387 | BE34: 2.31914 | BF34: 17.33 | BG34: 4.67704 | BH34: 2.63956 | BI34: 344.767 | BJ34: 7.2201 | BK34: 92.3718 | BL34: 0 | BM34: 0 | BN34: 0.087690839 | BO34: 0.053822946 | BP34: Healthy | BQ34: FALSE | BR34: FALSE | BS34: FALSE | BT34: FALSE | BU34: TRUE | BV34: FALSE | BW34: 5.3037501 | BX34: 0.62630822 | BY34: 0.60502078 | BZ34: 0.12179126 | CA34: 0.25927772 | CB34: -0.15227615 | CC34: -0.079517574 | CD34: =IF(CC34<=_xlfn.PERCENTILE.EXC(CC$2:CC$312, 1/3), "Low", IF(CC34<=_xlfn.PERCENTILE.EXC(CC$2:CC$312, 2/3), "Medium", "High")) -> Medium | CE34: =IF(CC34<MEDIAN(CC34:CC471),"antiinflamatoria","proinflamatoria") -> antiinflamatoria | CF34: 34.647215 | CG34: High-fat | CH34: 0.11621972 | CI34: 0.17524997 | CJ34: 0.11898088 | CK34: 0.42852362 | CL34: 0.017947538 | CM34: 503.908 | CN34: =IF(CM34>1000, "High","low") -> low | CO34: 217.894 | CP34: 156.674 | CQ34: 61.221 | CR34: 147.612 | CS34: 47.207 | CT34: 5.278 | CU34: 0 | CV34: 5.278 | CW34: 0 | CX34: 17.796 | CY34: 17.796 | CZ34: 0 | DA34: 5.268 | DB34: 0 | DC34: 0 | DD34: 144.228 | DE34: 0.022 | DF34: 0.154 | DG34: 0.176 | DH34: 1.208 | DI34: 0.037 | DJ34: 1.245 | DK34: 1.264 | DL34: 0.699 | DM34: 1.963 | DN34: 0.226 | DO34: 1.974 | DP34: 2.2 | DQ34: 4.418 | DR34: 40.531 | DS34: 44.948 | DT34: 0 | DU34: 17.796 | DV34: 17.796 | DW34: LOW | DX34: LOW | DY34: MEDIUM | DZ34: LOW | EA34: 263.099 | EB34: =IF(EA34<510,"low","high") -> low | EC34: 113.766 | ED34: 77.071 | EE34: 24.648 | EF34: LOW | EG34: LOW | EH34: MEDIUM | EI34: LOW | EJ34: Low | EK34: Moderate drinker | EL34: No | EM34: Never | EN34: Plausible_reporter | EO34: Plausible_reporter
A35: MI_034 | B35: Medellín | C35: Men | D35: 52 | E35: 41-60 | F35: 135 | G35: 73 | H35: Normal | I35: 14 | J35: 96 | K35: 183 | L35: 71 | M35: 2.5068493 | N35: =LOG10(L35/G35) -> -0.012064511 | O35: =IF(N35<0.1,"Low", IF(N35<=0.26, "Medium", "High")) -> Low | P35: 253 | Q35: 0.51 | R35: 87 | S35: 5.17 | T35: 0.39 | U35: 7.01 | V35: 0.055634807 | W35: 6.52 | X35: 4.8285 | Y35: 91.2 | Z35: 98.155815 | AA35: 118.9 | AB35: 71.46982 | AC35: 1.399192 | AD35: 0.3626214 | AE35: 63.1 | AF35: 1.684 | AG35: 22.250777 | AH35: Normal | AI35: 28.946439 | AJ35: 76.4 | AK35: Normal | AL35: Normal | AM35: No | AN35: Yes | AO35: Vigorous | AP35: 105 | AQ35: 66 | AR35: 2132.21 | AS35: 14.2837 | AT35: 580.988 | AU35: 941.962 | AV35: 13.4134 | AW35: 1378.95 | AX35: 3159.93 | AY35: 212.996 | AZ35: 9.99513 | BA35: 1.1141 | BB35: 3.83681 | BC35: 829.534 | BD35: 1.27308 | BE35: 1.714 | BF35: 12.0826 | BG35: 4.84311 | BH35: 2.66223 | BI35: 349.849 | BJ35: 6.99627 | BK35: 214.026 | BL35: 5.5118162 | BM35: 0.94826774 | BN35: 0.44903165 | BO35: 0.054288848 | BP35: Healthy | BQ35: FALSE | BR35: FALSE | BS35: FALSE | BT35: FALSE | BU35: FALSE | BV35: FALSE | BW35: 5.8743843 | BX35: 0.49189416 | BY35: 0.51028805 | BZ35: 0.068557588 | CA35: 0.31092171 | CB35: 0.068253275 | CC35: 0.032013731 | CD35: =IF(CC35<=_xlfn.PERCENTILE.EXC(CC$2:CC$312, 1/3), "Low", IF(CC35<=_xlfn.PERCENTILE.EXC(CC$2:CC$312, 2/3), "Medium", "High")) -> Medium | CE35: =IF(CC35<MEDIAN(CC35:CC472),"antiinflamatoria","proinflamatoria") -> antiinflamatoria | CF35: 19.91623 | CG35: Normal | CH35: 0.080522829 | CI35: 0.37812153 | CJ35: 0.022034356 | CK35: 0.008244147 | CL35: 0.14722547 | CM35: 827.415 | CN35: =IF(CM35>1000, "High","low") -> low | CO35: 94.295 | CP35: 60.264 | CQ35: 34.031 | CR35: 45.05 | CS35: 36.111 | CT35: 11.342 | CU35: 0 | CV35: 11.342 | CW35: 0 | CX35: 1.792 | CY35: 1.792 | CZ35: 0 | DA35: 11.34 | DB35: 0 | DC35: 0 | DD35: 35.737 | DE35: 0 | DF35: 1.692 | DG35: 1.692 | DH35: 5.228 | DI35: 0.114 | DJ35: 5.343 | DK35: 1.518 | DL35: 0.76 | DM35: 2.279 | DN35: 0.198 | DO35: 2.015 | DP35: 2.213 | DQ35: 6.229 | DR35: 27.645 | DS35: 33.874 | DT35: 0 | DU35: 1.792 | DV35: 1.792 | DW35: MEDIUM | DX35: LOW | DY35: LOW | DZ35: LOW | EA35: 388.055 | EB35: =IF(EA35<510,"low","high") -> low | EC35: 44.224 | ED35: 21.128 | EE35: 16.936 | EF35: LOW | EG35: LOW | EH35: LOW | EI35: LOW | EJ35: High | EK35: Moderate drinker | EL35: No | EM35: Never | EN35: Plausible_reporter | EO35: Plausible_reporter
A36: MI_035 | B36: Medellín | C36: Men | D36: 47 | E36: 41-60 | F36: 114 | G36: 39 | H36: Low | I36: 28 | J36: 136 | K36: 203 | L36: 139 | M36: 5.2051282 | N36: =LOG10(L36/G36) -> 0.55195019 | O36: =IF(N36<0.1,"Low", IF(N36<=0.26, "Medium", "High")) -> High | P36: 223.3 | Q36: 2.54 | R36: 89 | S36: 5.55 | T36: 6.87 | U36: 7.84 | V36: 0.87627551 | W36: 21.18 | X36: 4.9395 | Y36: 193.6 | Z36: 294.26884 | AA36: 37.4 | AB36: 21.50669 | AC36: 4.649716 | AD36: 0.30494813 | AE36: 95.5 | AF36: 1.655 | AG36: 34.866421 | AH36: Obesity | AI36: 42.129147 | AJ36: 114.5 | AK36: Central.Obesity | AL36: Abdominal obesity | AM36: No | AN36: Yes | AO36: Moderate | AP36: 169 | AQ36: 104 | AR36: 1580.59 | AS36: 14.7629 | AT36: 537.753 | AU36: 931.218 | AV36: 13.9236 | AW36: 1083.6 | AX36: 2503.69 | AY36: 190.322 | AZ36: 10.3597 | BA36: 1.26627 | BB36: 2.76498 | BC36: 814.538 | BD36: 1.20685 | BE36: 1.66133 | BF36: 15.555 | BG36: 4.4246 | BH36: 1.59917 | BI36: 293.12 | BJ36: 7.30506 | BK36: 151.007 | BL36: 20.285915 | BM36: 5.826611 | BN36: 2.2340194 | BO36: 0 | BP36: Abnormal | BQ36: TRUE | BR36: FALSE | BS36: TRUE | BT36: FALSE | BU36: FALSE | BV36: TRUE | BW36: 5.9520235 | BX36: 0.52544438 | BY36: 0.43888228 | BZ36: 0.020355426 | CA36: 0.26671101 | CB36: 0.032292576 | CC36: 0.020425412 | CD36: =IF(CC36<=_xlfn.PERCENTILE.EXC(CC$2:CC$312, 1/3), "Low", IF(CC36<=_xlfn.PERCENTILE.EXC(CC$2:CC$312, 2/3), "Medium", "High")) -> Medium | CE36: =IF(CC36<MEDIAN(CC36:CC473),"antiinflamatoria","proinflamatoria") -> antiinflamatoria | CF36: 35.091703 | CG36: High-fat | CH36: 0.42101829 | CI36: 0.11076443 | CJ36: 0.023202383 | CK36: 0.034576656 | CL36: 0.22033754 | CM36: 384.332 | CN36: =IF(CM36>1000, "High","low") -> low | CO36: 78.396 | CP36: 29.755 | CQ36: 48.641 | CR36: 7.596 | CS36: 60.279 | CT36: 6.628 | CU36: 0 | CV36: 6.628 | CW36: 0 | CX36: 3.894 | CY36: 3.894 | CZ36: 0 | DA36: 6.628 | DB36: 0 | DC36: 0 | DD36: 0.001 | DE36: 0.05 | DF36: 0.354 | DG36: 0.403 | DH36: 0 | DI36: 0.06 | DJ36: 0.06 | DK36: 5.33 | DL36: 1.801 | DM36: 7.131 | DN36: 0.281 | DO36: 1.358 | DP36: 1.639 | DQ36: 17.445 | DR36: 41.153 | DS36: 58.598 | DT36: 0 | DU36: 3.894 | DV36: 3.894 | DW36: LOW | DX36: LOW | DY36: LOW | DZ36: LOW | EA36: 243.157 | EB36: =IF(EA36<510,"low","high") -> low | EC36: 49.599 | ED36: 4.806 | EE36: 38.137 | EF36: LOW | EG36: LOW | EH36: LOW | EI36: LOW | EJ36: Moderate | EK36: Moderate drinker | EL36: No | EM36: Never | EN36: Under_reporter | EO36: Plausible_reporter
A37: MI_036 | B37: Medellín | C37: Female | D37: 48 | E37: 41-60 | F37: 142 | G37: 53 | H37: Normal | I37: 65 | J37: 160 | K37: 278 | L37: 327 | M37: 5.245283 | N37: =LOG10(L37/G37) -> 0.79027188 | O37: =IF(N37<0.1,"Low", IF(N37<=0.26, "Medium", "High")) -> High | P37: 150.6 | Q37: 2.14 | R37: 101 | S37: 5.9 | T37: 11.89 | U37: 6.92 | V37: 1.7182081 | W37: 14.13 | X37: 5.6055 | Y37: 114.9 | Z37: 134.2199 | AA37: 53.6 | AB37: 28.407041 | AC37: 3.520254 | AD37: 0.31661663 | AE37: 71.5 | AF37: 1.709 | AG37: 24.480592 | AH37: Normal | AI37: 40.291624 | AJ37: 88.5 | AK37: Central.Obesity | AL37: Abdominal obesity | AM37: No | AN37: No | AO37: Moderate | AP37: 130 | AQ37: 87 | AR37: 1462.87 | AS37: 15.6822 | AT37: 568.37 | AU37: 871.943 | AV37: 12.6036 | AW37: 1193.21 | AX37: 2146.17 | AY37: 194.89 | AZ37: 10.2632 | BA37: 1.33712 | BB37: 3.1594 | BC37: 741.482 | BD37: 0.871262 | BE37: 1.44876 | BF37: 12.8545 | BG37: 3.71118 | BH37: 1.5187 | BI37: 295.295 | BJ37: 6.99822 | BK37: 124.627 | BL37: 4.3861152 | BM37: 0.88304848 | BN37: 0.53982262 | BO37: 0.050062607 | BP37: Abnormal | BQ37: TRUE | BR37: TRUE | BS37: FALSE | BT37: TRUE | BU37: FALSE | BV37: TRUE | BW37: 3.860706 | BX37: 0.25886803 | BY37: 0.22538873 | BZ37: 0.053116233 | CA37: 0.18304099 | CB37: 0.18328384 | CC37: 0.12527946 | CD37: =IF(CC37<=_xlfn.PERCENTILE.EXC(CC$2:CC$312, 1/3), "Low", IF(CC37<=_xlfn.PERCENTILE.EXC(CC$2:CC$312, 2/3), "Medium", "High")) -> Medium | CE37: =IF(CC37<MEDIAN(CC37:CC474),"antiinflamatoria","proinflamatoria") -> proinflamatoria | CF37: 37.378531 | CG37: High-fat | CH37: 0.048888889 | CI37: 0.20585702 | CJ37: 0.1540913 | CK37: 0.19968992 | CL37: 0.10645995 | CM37: 461.256 | CN37: =IF(CM37>1000, "High","low") -> low | CO37: 90.083 | CP37: 54.571 | CQ37: 35.512 | CR37: 36.56 | CS37: 43.579 | CT37: 2.981 | CU37: 0 | CV37: 2.981 | CW37: 0 | CX37: 6.962 | CY37: 6.962 | CZ37: 0 | DA37: 2.981 | DB37: 0 | DC37: 0 | DD37: 10.149 | DE37: 0.061 | DF37: 12.745 | DG37: 12.805 | DH37: 11.665 | DI37: 0.605 | DJ37: 12.271 | DK37: 0.518 | DL37: 0.817 | DM37: 1.335 | DN37: 0.105 | DO37: 3.539 | DP37: 3.644 | DQ37: 29.092 | DR37: 10.843 | DS37: 39.936 | DT37: 0 | DU37: 6.962 | DV37: 6.962 | DW37: LOW | DX37: LOW | DY37: LOW | DZ37: LOW | EA37: 315.309 | EB37: =IF(EA37<510,"low","high") -> low | EC37: 61.579 | ED37: 24.992 | EE37: 29.79 | EF37: LOW | EG37: LOW | EH37: LOW | EI37: LOW | EJ37: Moderate | EK37: Never | EL37: No | EM37: Never | EN37: Under_reporter | EO37: Under_reporter
A38: MI_037 | B38: Medellín | C38: Female | D38: 47 | E38: 41-60 | F38: 89 | G38: 51 | H38: Normal | I38: 21 | J38: 115 | K38: 187 | L38: 106 | M38: 3.6666667 | N38: =LOG10(L38/G38) -> 0.31773569 | O38: =IF(N38<0.1,"Low", IF(N38<=0.26, "Medium", "High")) -> High | P38: 94.4 | Q38: 0.46 | R38: 85 | S38: 5.52 | T38: 5.88 | U38: 8.71 | V38: 0.67508611 | W38: 5.37 | X38: 4.7175 | Y38: 83.9 | Z38: 88.213552 | AA38: 144.9 | AB38: 88.817046 | AC38: 1.12591 | AD38: 0.37547072 | AE38: 56.4 | AF38: 1.575 | AG38: 22.736206 | AH38: Normal | AI38: 34.178749 | AJ38: 77.3 | AK38: Normal | AL38: Normal | AM38: Yes | AN38: No | AO38: Vigorous | AP38: 115 | AQ38: 68 | AR38: 1512.83 | AS38: 14.2893 | AT38: 470.965 | AU38: 785.565 | AV38: 12.163 | AW38: 966.928 | AX38: 2630.85 | AY38: 187.016 | AZ38: 10.0798 | BA38: 0.944573 | BB38: 2.31949 | BC38: 703.57 | BD38: 0.826579 | BE38: 1.47678 | BF38: 10.9184 | BG38: 4.38726 | BH38: 1.11314 | BI38: 269.349 | BJ38: 7.0258 | BK38: 186.794 | BL38: 0.84914446 | BM38: 0 | BN38: 0 | BO38: 0 | BP38: Healthy | BQ38: FALSE | BR38: FALSE | BS38: FALSE | BT38: FALSE | BU38: FALSE | BV38: FALSE | BW38: 16.950149 | BX38: 2.4071651 | BY38: 0.78079703 | BZ38: 0.62968785 | CA38: 0.20152545 | CB38: 1.0656895 | CC38: 0.70435528 | CD38: =IF(CC38<=_xlfn.PERCENTILE.EXC(CC$2:CC$312, 1/3), "Low", IF(CC38<=_xlfn.PERCENTILE.EXC(CC$2:CC$312, 2/3), "Medium", "High")) -> High | CE38: =IF(CC38<MEDIAN(CC38:CC475),"antiinflamatoria","proinflamatoria") -> proinflamatoria | CF38: 35.249677 | CG38: High-fat | CH38: 0.11064229 | CI38: 0.08601673 | CJ38: 0.000937647 | CK38: 0.026328127 | CL38: 0.42369285 | CM38: 804.975 | CN38: =IF(CM38>1000, "High","low") -> low | CO38: 194.065 | CP38: 85.982 | CQ38: 108.082 | CR38: 105.143 | CS38: 81.932 | CT38: 0 | CU38: 0 | CV38: 0 | CW38: 0 | CX38: 6.99 | CY38: 6.99 | CZ38: 0 | DA38: 0 | DB38: 0 | DC38: 0 | DD38: 0 | DE38: 0.704 | DF38: 26.491 | DG38: 27.195 | DH38: 0.068 | DI38: 1.047 | DJ38: 1.115 | DK38: 60.222 | DL38: 16.612 | DM38: 76.834 | DN38: 1.144 | DO38: 0.947 | DP38: 2.091 | DQ38: 23.819 | DR38: 55.971 | DS38: 79.79 | DT38: 0 | DU38: 6.99 | DV38: 6.99 | DW38: MEDIUM | DX38: LOW | DY38: MEDIUM | DZ38: LOW | EA38: 532.099 | EB38: =IF(EA38<510,"low","high") -> high | EC38: 128.279 | ED38: 69.501 | EE38: 54.158 | EF38: MEDIUM | EG38: LOW | EH38: MEDIUM | EI38: LOW | EJ38: High | EK38: Never | EL38: Yes | EM38: Current | EN38: Under_reporter | EO38: Under_reporter
A39: MI_038 | B39: Medellín | C39: Men | D39: 43 | E39: 41-60 | F39: 118 | G39: 39 | H39: Low | I39: 26 | J39: 149 | K39: 214 | L39: 128 | M39: 5.4871795 | N39: =LOG10(L39/G39) -> 0.51614536 | O39: =IF(N39<0.1,"Low", IF(N39<=0.26, "Medium", "High")) -> High | P39: 168.3 | Q39: 1.99 | R39: 98 | S39: 5.5 | T39: 2.59 | U39: 5.45 | V39: 0.47522936 | W39: 22.14 | X39: 5.439 | Y39: 165.9 | Z39: 228.36514 | AA39: 35 | AB39: 18.684688 | AC39: 5.351976 | AD39: 0.29937126 | AE39: 82.7 | AF39: 1.766 | AG39: 26.516983 | AH39: Overweight | AI39: 40.414001 | AJ39: 103.2 | AK39: Central.Obesity | AL39: Abdominal obesity | AM39: No | AN39: Yes | AO39: Light | AP39: 115 | AQ39: 78 | AR39: 1847.15 | AS39: 16.3891 | AT39: 985.334 | AU39: 1268.31 | AV39: 12.0848 | AW39: 1534.91 | AX39: 3167.16 | AY39: 221.525 | AZ39: 10.0456 | BA39: 1.65261 | BB39: 2.58354 | BC39: 897.957 | BD39: 1.27884 | BE39: 2.14629 | BF39: 13.5013 | BG39: 5.06415 | BH39: 0.981839 | BI39: 301.801 | BJ39: 7.75369 | BK39: 209.896 | BL39: 0.5065285 | BM39: 0.13855154 | BN39: 0 | BO39: 0.025033466 | BP39: Abnormal | BQ39: FALSE | BR39: FALSE | BS39: TRUE | BT39: FALSE | BU39: FALSE | BV39: TRUE | BW39: 12.268795 | BX39: 1.2015075 | BY39: 0.64013065 | BZ39: 0.20312732 | CA39: 0.084732413 | CB39: 0.51597846 | CC39: 0.27936029 | CD39: =IF(CC39<=_xlfn.PERCENTILE.EXC(CC$2:CC$312, 1/3), "Low", IF(CC39<=_xlfn.PERCENTILE.EXC(CC$2:CC$312, 2/3), "Medium", "High")) -> Medium | CE39: =IF(CC39<MEDIAN(CC39:CC476),"antiinflamatoria","proinflamatoria") -> proinflamatoria | CF39: 29.775194 | CG39: High-fat | CH39: 0.12441417 | CI39: 0.21293796 | CJ39: 0.006324372 | CK39: 0.006899315 | CL39: 0.43472655 | CM39: 850.103 | CN39: =IF(CM39>1000, "High","low") -> low | CO39: 212.873 | CP39: 170.405 | CQ39: 42.468 | CR39: 154.856 | CS39: 51.127 | CT39: 0.004 | CU39: 0 | CV39: 0.004 | CW39: 0 | CX39: 6.885 | CY39: 6.885 | CZ39: 0 | DA39: 0 | DB39: 0 | DC39: 0 | DD39: 141.259 | DE39: 0.051 | DF39: 0.366 | DG39: 0.417 | DH39: 0 | DI39: 0.041 | DJ39: 0.041 | DK39: 10.794 | DL39: 2.346 | DM39: 13.139 | DN39: 0.217 | DO39: 0.96 | DP39: 1.178 | DQ39: 18.062 | DR39: 31.853 | DS39: 49.915 | DT39: 0 | DU39: 6.885 | DV39: 6.885 | DW39: MEDIUM | DX39: LOW | DY39: MEDIUM | DZ39: LOW | EA39: 460.224 | EB39: =IF(EA39<510,"low","high") -> low | EC39: 115.244 | ED39: 83.835 | EE39: 27.679 | EF39: MEDIUM | EG39: LOW | EH39: MEDIUM | EI39: LOW | EJ39: Low | EK39: Moderate drinker | EL39: No | EM39: Never | EN39: Plausible_reporter | EO39: Plausible_reporter
A40: MI_039 | B40: Medellín | C40: Female | D40: 61 | E40: 41-60 | F40: 82 | G40: 81 | H40: Normal | I40: 19 | J40: 96 | K40: 196 | L40: 97 | M40: 2.4197531 | N40: =LOG10(L40/G40) -> 0.078286715 | O40: =IF(N40<0.1,"Low", IF(N40<=0.26, "Medium", "High")) -> Low | P40: 110.7 | Q40: 0.56 | R40: 85 | S40: 5.5 | T40: 17.85 | U40: 11.29 | V40: 1.5810452 | W40: 11.24 | X40: 4.7175 | Y40: 137.9 | Z40: 184.64066 | AA40: 70 | AB40: 42.433055 | AC40: 2.3566533 | AD40: 0.33510767 | AE40: 84.6 | AF40: 1.596 | AG40: 33.212731 | AH40: Obesity | AI40: 48.217431 | AJ40: 108.1 | AK40: Central.Obesity | AL40: Abdominal obesity | AM40: No | AN40: Yes | AO40: Light | AP40: 132 | AQ40: 84 | AR40: 1830.34 | AS40: 13.6474 | AT40: 863.4 | AU40: 1121.98 | AV40: 11.9536 | AW40: 1621.93 | AX40: 2331.3 | AY40: 206.528 | AZ40: 10.1042 | BA40: 0.901447 | BB40: 2.52557 | BC40: 825.796 | BD40: 1.26727 | BE40: 2.12858 | BF40: 12.3158 | BG40: 4.93584 | BH40: 1.27551 | BI40: 330.521 | BJ40: 7.22996 | BK40: 100.056 | BL40: 3.2261973 | BM40: 0.62580856 | BN40: 0.34941244 | BO40: 0.028203203 | BP40: Abnormal | BQ40: TRUE | BR40: FALSE | BS40: TRUE | BT40: FALSE | BU40: FALSE | BV40: FALSE | BW40: 8.8370744 | BX40: 0.70552701 | BY40: 0.32252916 | BZ40: 0.10070573 | CA40: 0.030174201 | CB40: 1.0925633 | CC40: 0.59702914 | CD40: =IF(CC40<=_xlfn.PERCENTILE.EXC(CC$2:CC$312, 1/3), "Low", IF(CC40<=_xlfn.PERCENTILE.EXC(CC$2:CC$312, 2/3), "Medium", "High")) -> High | CE40: =IF(CC40<MEDIAN(CC40:CC477),"antiinflamatoria","proinflamatoria") -> proinflamatoria | CF40: 46.471785 | CG40: High-fat | CH40: 0.24912026 | CI40: 0.2316706 | CJ40: 0.17271903 | CK40: 0.025866135 | CL40: 0.007582079 | CM40: 678.45 | CN40: =IF(CM40>1000, "High","low") -> low | CO40: 329.97 | CP40: 289.49 | CQ40: 40.48 | CR40: 261.527 | CS40: 67.695 | CT40: 0.539 | CU40: 0 | CV40: 0.539 | CW40: 0 | CX40: 0.209 | CY40: 0.209 | CZ40: 0 | DA40: 0.387 | DB40: 1.432 | DC40: 0 | DD40: 230.859 | DE40: 0.045 | DF40: 0 | DG40: 0.045 | DH40: 3.775 | DI40: 0.263 | DJ40: 4.037 | DK40: 12.986 | DL40: 3.864 | DM40: 16.85 | DN40: 2.162 | DO40: 1.306 | DP40: 3.468 | DQ40: 29.371 | DR40: 34.821 | DS40: 64.192 | DT40: 0 | DU40: 0.209 | DV40: 0.209 | DW40: LOW | DX40: LOW | DY40: HIGH | DZ40: LOW | EA40: 370.669 | EB40: =IF(EA40<510,"low","high") -> low | EC40: 180.278 | ED40: 142.884 | EE40: 36.985 | EF40: LOW | EG40: LOW | EH40: HIGH | EI40: LOW | EJ40: Low | EK40: Moderate drinker | EL40: No | EM40: Never | EN40: Plausible_reporter | EO40: Plausible_reporter
A41: MI_040 | B41: Medellín | C41: Female | D41: 55 | E41: 41-60 | F41: 85 | G41: 49 | H41: Normal | I41: 22 | J41: 102 | K41: 173 | L41: 112 | M41: 3.5306122 | N41: =LOG10(L41/G41) -> 0.35902194 | O41: =IF(N41<0.1,"Low", IF(N41<=0.26, "Medium", "High")) -> High | P41: 104.1 | Q41: 9.55 | R41: 92 | S41: 5.68 | T41: 5.26 | U41: 9.76 | V41: 0.53893443 | W41: 14.56 | X41: 5.106 | Y41: 140.6 | Z41: 181.32005 | AA41: 53.3 | AB41: 30.264976 | AC41: 3.3041493 | AD41: 0.31939907 | AE41: 62.9 | AF41: 1.531 | AG41: 26.834917 | AH41: Overweight | AI41: 44.02348 | AJ41: 93 | AK41: Central.Obesity | AL41: Abdominal obesity | AM41: No | AN41: Yes | AO41: Moderate | AP41: 109 | AQ41: 80 | AR41: 1994.13 | AS41: 17.6153 | AT41: 715.864 | AU41: 1065.07 | AV41: 14.5956 | AW41: 1315.82 | AX41: 4747.52 | AY41: 302.93 | AZ41: 10.1823 | BA41: 1.65261 | BB41: 2.71263 | BC41: 969.919 | BD41: 1.19432 | BE41: 2.26814 | BF41: 16.1182 | BG41: 5.46262 | BH41: 2.32196 | BI41: 338.869 | BJ41: 7.10646 | BK41: 266.077 | BL41: 4.741383 | BM41: 1.3840959 | BN41: 0.7332085 | BO41: 0 | BP41: Abnormal | BQ41: FALSE | BR41: FALSE | BS41: TRUE | BT41: TRUE | BU41: TRUE | BV41: TRUE | BW41: 8.9725522 | BX41: 0.96003098 | BY41: 0.56794252 | BZ41: 0.10416892 | CA41: 0.052169354 | CB41: -1.1439405 | CC41: -0.57369133 | CD41: =IF(CC41<=_xlfn.PERCENTILE.EXC(CC$2:CC$312, 1/3), "Low", IF(CC41<=_xlfn.PERCENTILE.EXC(CC$2:CC$312, 2/3), "Medium", "High")) -> Low | CE41: =IF(CC41<MEDIAN(CC41:CC478),"antiinflamatoria","proinflamatoria") -> antiinflamatoria | CF41: 43.075269 | CG41: High-fat | CH41: 0.13620632 | CI41: 0.17221298 | CJ41: 0.25034942 | CK41: 0.019866889 | CL41: 0.14126456 | CM41: 1217.6 | CN41: =IF(CM41>1000, "High","low") -> High | CO41: 419.228 | CP41: 288.308 | CQ41: 130.92 | CR41: 69.761 | CS41: 344.675 | CT41: 2.483 | CU41: 0 | CV41: 2.483 | CW41: 0 | CX41: 2.309 | CY41: 2.309 | CZ41: 0 | DA41: 0.386 | DB41: 0 | DC41: 0 | DD41: 68.267 | DE41: 0 | DF41: 0 | DG41: 0 | DH41: 1.449 | DI41: 0.002 | DJ41: 1.451 | DK41: 0 | DL41: 0.043 | DM41: 0.043 | DN41: 2.403 | DO41: 1.113 | DP41: 3.516 | DQ41: 213.685 | DR41: 127.433 | DS41: 341.118 | DT41: 0 | DU41: 2.309 | DV41: 2.309 | DW41: MEDIUM | DX41: MEDIUM | DY41: MEDIUM | DZ41: MEDIUM | EA41: 610.592 | EB41: =IF(EA41<510,"low","high") -> high | EC41: 210.231 | ED41: 34.983 | EE41: 172.845 | EF41: MEDIUM | EG41: MEDIUM | EH41: MEDIUM | EI41: MEDIUM | EJ41: Moderate | EK41: Moderate drinker | EL41: No | EM41: Former | EN41: Plausible_reporter | EO41: Plausible_reporter
A42: MI_041 | B42: Medellín | C42: Men | D42: 50 | E42: 41-60 | F42: 83 | G42: 58 | H42: Normal | I42: 22 | J42: 92 | K42: 172 | L42: 110 | M42: 2.9655172 | N42: =LOG10(L42/G42) -> 0.27796469 | O42: =IF(N42<0.1,"Low", IF(N42<=0.26, "Medium", "High")) -> High | P42: 268 | Q42: 0.46 | R42: 91 | S42: 5.48 | T42: 6.02 | U42: 12.49 | V42: 0.48198559 | W42: 16.71 | X42: 5.0505 | Y42: 157.8 | Z42: 215.54337 | AA42: 46.7 | AB42: 26.660709 | AC42: 3.750838 | AD42: 0.31387831 | AE42: 85.4 | AF42: 1.682 | AG42: 30.186022 | AH42: Obesity | AI42: 42.586327 | AJ42: 106.2 | AK42: Central.Obesity | AL42: Abdominal obesity | AM42: No | AN42: Yes | AO42: Vigorous | AP42: 126 | AQ42: 94 | AR42: 1997.23 | AS42: 13.236 | AT42: 517.513 | AU42: 1023.42 | AV42: 11.9051 | AW42: 1432.55 | AX42: 2803 | AY42: 219.998 | AZ42: 10.4355 | BA42: 1.33712 | BB42: 2.73478 | BC42: 735.468 | BD42: 1.43951 | BE42: 1.8993 | BF42: 15.555 | BG42: 5.20074 | BH42: 1.56664 | BI42: 350.108 | BJ42: 7.04109 | BK42: 200.366 | BL42: 5.9581096 | BM42: 1.517032 | BN42: 0.86223962 | BO42: 0.14379969 | BP42: Abnormal | BQ42: TRUE | BR42: FALSE | BS42: FALSE | BT42: FALSE | BU42: FALSE | BV42: TRUE | BW42: 10.679733 | BX42: 0.86103098 | BY42: 0.50069535 | BZ42: 0.084847133 | CA42: 0.048376898 | CB42: 0.49448035 | CC42: 0.24761159 | CD42: =IF(CC42<=_xlfn.PERCENTILE.EXC(CC$2:CC$312, 1/3), "Low", IF(CC42<=_xlfn.PERCENTILE.EXC(CC$2:CC$312, 2/3), "Medium", "High")) -> Medium | CE42: =IF(CC42<MEDIAN(CC42:CC479),"antiinflamatoria","proinflamatoria") -> proinflamatoria | CF42: 32.323917 | CG42: High-fat | CH42: 0.22491576 | CI42: 0.24950963 | CJ42: 0.061560127 | CK42: 0.18654127 | CL42: 0.16672534 | CM42: 552.671 | CN42: =IF(CM42>1000, "High","low") -> low | CO42: 552.138 | CP42: 366.854 | CQ42: 185.284 | CR42: 187.158 | CS42: 352.166 | CT42: 10.66 | CU42: 0 | CV42: 10.66 | CW42: 0 | CX42: 2.153 | CY42: 2.153 | CZ42: 0 | DA42: 2.078 | DB42: 0 | DC42: 0 | DD42: 0 | DE42: 115.183 | DF42: 29.655 | DG42: 144.838 | DH42: 35.439 | DI42: 0.001 | DJ42: 35.44 | DK42: 6.092 | DL42: 0.788 | DM42: 6.88 | DN42: 0.407 | DO42: 1.327 | DP42: 1.734 | DQ42: 199.045 | DR42: 151.333 | DS42: 350.378 | DT42: 0 | DU42: 2.153 | DV42: 2.153 | DW42: LOW | DX42: MEDIUM | DY42: MEDIUM | DZ42: MEDIUM | EA42: 276.719 | EB42: =IF(EA42<510,"low","high") -> low | EC42: 276.452 | ED42: 93.709 | EE42: 176.327 | EF42: LOW | EG42: MEDIUM | EH42: MEDIUM | EI42: MEDIUM | EJ42: High | EK42: Moderate drinker | EL42: No | EM42: Never | EN42: Plausible_reporter | EO42: Plausible_reporter
A43: MI_042 | B43: Medellín | C43: Men | D43: 46 | E43: 41-60 | F43: 102 | G43: 66 | H43: Normal | I43: 19 | J43: 103 | K43: 188 | L43: 94 | M43: 2.8484848 | N43: =LOG10(L43/G43) -> 0.15358392 | O43: =IF(N43<0.1,"Low", IF(N43<=0.26, "Medium", "High")) -> Medium | P43: 93.2 | Q43: 43.4 | R43: 93 | S43: 5.57 | T43: 2 | U43: 2.54 | V43: 0.78740157 | W43: 11.52 | X43: 5.1615 | Y43: 117.4 | Z43: 138.66988 | AA43: 66.7 | AB43: 37.84026 | AC43: 2.642688 | AD43: 0.32961248 | AE43: 76.7 | AF43: 1.719 | AG43: 25.956349 | AH43: Overweight | AI43: 35.113389 | AJ43: 97.4 | AK43: Central.Obesity | AL43: Abdominal obesity | AM43: No | AN43: Yes | AO43: Vigorous | AP43: 124 | AQ43: 69 | AR43: 2152.56 | AS43: 19.5511 | AT43: 649.114 | AU43: 1076.52 | AV43: 12.6448 | AW43: 1049.76 | AX43: 3230.11 | AY43: 231.666 | AZ43: 10.9545 | BA43: 2.43628 | BB43: 2.70814 | BC43: 877.168 | BD43: 1.01088 | BE43: 1.99372 | BF43: 16.9026 | BG43: 5.95409 | BH43: 1.0116 | BI43: 297.787 | BJ43: 7.25062 | BK43: 168.312 | BL43: 2.8813179 | BM43: 1.2759316 | BN43: 0.96890416 | BO43: 0.042504601 | BP43: Abnormal | BQ43: TRUE | BR43: FALSE | BS43: TRUE | BT43: FALSE | BU43: TRUE | BV43: FALSE | BW43: 10.666547 | BX43: 0.62190278 | BY43: 0.44937347 | BZ43: 0.061852549 | CA43: 0.16003805 | CB43: 0.24546247 | CC43: 0.11400951 | CD43: =IF(CC43<=_xlfn.PERCENTILE.EXC(CC$2:CC$312, 1/3), "Low", IF(CC43<=_xlfn.PERCENTILE.EXC(CC$2:CC$312, 2/3), "Medium", "High")) -> Medium | CE43: =IF(CC43<MEDIAN(CC43:CC480),"antiinflamatoria","proinflamatoria") -> proinflamatoria | CF43: 28.702259 | CG43: High-fat | CH43: 0.16325502 | CI43: 0.50179826 | CJ43: 0.043191825 | CK43: 0.091459111 | CL43: 0.078215858 | CM43: 908.466 | CN43: =IF(CM43>1000, "High","low") -> low | CO43: 644.315 | CP43: 491.329 | CQ43: 152.986 | CR43: 279.018 | CS43: 279.248 | CT43: 0.208 | CU43: 0 | CV43: 0.208 | CW43: 0 | CX43: 85.841 | CY43: 85.841 | CZ43: 0 | DA43: 0 | DB43: 184.975 | DC43: 0 | DD43: 26.325 | DE43: 0.285 | DF43: 25.028 | DG43: 25.312 | DH43: 0 | DI43: 0.903 | DJ43: 0.903 | DK43: 39.23 | DL43: 2.273 | DM43: 41.503 | DN43: 3.372 | DO43: 0.578 | DP43: 3.95 | DQ43: 236.913 | DR43: 38.341 | DS43: 275.254 | DT43: 0 | DU43: 85.841 | DV43: 85.841 | DW43: MEDIUM | DX43: MEDIUM | DY43: HIGH | DZ43: MEDIUM | EA43: 422.04 | EB43: =IF(EA43<510,"low","high") -> low | EC43: 299.325 | ED43: 129.621 | EE43: 129.728 | EF43: MEDIUM | EG43: MEDIUM | EH43: MEDIUM | EI43: MEDIUM | EJ43: High | EK43: Moderate drinker | EL43: No | EM43: Never | EN43: Plausible_reporter | EO43: Plausible_reporter
... A56: MI_055 | B56: Medellín | C56: Men | D56: 40 | E56: 18-40 | F56: 96 | G56: 55 | H56: Normal | I56: 19 | J56: 112 | K56: 186 | L56: 97 | M56: 3.3818182 | N56: =LOG10(L56/G56) -> 0.24640904 | O56: =IF(N56<0.1,"Low", IF(N56<=0.26, "Medium", "High")) -> Medium | P56: 126.6 | Q56: 4.35 | R56: 96 | S56: 5.75 | T56: 1.46 | U56: 14.02 | V56: 0.10413695 | W56: 20.77 | X56: 5.328 | Y56: 165.1 | Z56: 227.24289 | AA56: 37.4 | AB56: 20.33208 | AC56: 4.918336 | AD56: 0.3026966 | AE56: 96.7 | AF56: 1.743 | AG56: 31.829638 | AH56: Obesity | AI56: 41.009938 | AJ56: 106.3 | AK56: Central.Obesity | AL56: Abdominal obesity | AM56: No | AN56: Yes | AO56: Moderate | AP56: 126 | AQ56: 83 | AR56: 2209.26 | AS56: 16.8167 | AT56: 1028.77 | AU56: 1502.37 | AV56: 13.1221 | AW56: 1942.31 | AX56: 3049.7 | AY56: 273.611 | AZ56: 10.6806 | BA56: 1.41228 | BB56: 2.86602 | BC56: 949.11 | BD56: 1.17529 | BE56: 2.03671 | BF56: 25.4619 | BG56: 5.52909 | BH56: 1.26979 | BI56: 334.145 | BJ56: 7.50891 | BK56: 221.747 | BL56: 11.34594 | BM56: 3.004065 | BN56: 1.5408169 | BO56: 0.077845781 | BP56: Abnormal | BQ56: FALSE | BR56: FALSE | BS56: FALSE | BT56: FALSE | BU56: TRUE | BV56: TRUE | BW56: 5.8935587 | BX56: 0.26557599 | BY56: 0.28992077 | BZ56: 0.072527344 | CA56: 0.093825579 | CB56: -0.12744135 | CC56: -0.057691873 | CD56: =IF(CC56<=_xlfn.PERCENTILE.EXC(CC$2:CC$312, 1/3), "Low", IF(CC56<=_xlfn.PERCENTILE.EXC(CC$2:CC$312, 2/3), "Medium", "High")) -> Medium | CE56: =IF(CC56<MEDIAN(CC56:CC493),"antiinflamatoria","proinflamatoria") -> antiinflamatoria | CF56: 31.206021 | CG56: High-fat | CH56: 0.056407397 | CI56: 0.54186414 | CJ56: 0.022581544 | CK56: 0.084316823 | CL56: 0.10915962 | CM56: 970.865 | CN56: =IF(CM56>1000, "High","low") -> low | CO56: 236.359 | CP56: 118.343 | CQ56: 118.016 | CR56: 141.782 | CS56: 83.778 | CT56: 0.554 | CU56: 0 | CV56: 0.554 | CW56: 0.052 | CX56: 10.187 | CY56: 10.239 | CZ56: 0.005 | DA56: 0 | DB56: 0 | DC56: 0 | DD56: 49.217 | DE56: 0.205 | DF56: 51.519 | DG56: 51.724 | DH56: 0.138 | DI56: 2.018 | DJ56: 2.155 | DK56: 30.305 | DL56: 8.381 | DM56: 38.686 | DN56: 0.427 | DO56: 2.069 | DP56: 2.496 | DQ56: 37.418 | DR56: 43.822 | DS56: 81.24 | DT56: 0.052 | DU56: 10.187 | DV56: 10.239 | DW56: MEDIUM | DX56: LOW | DY56: MEDIUM | DZ56: LOW | EA56: 439.452 | EB56: =IF(EA56<510,"low","high") -> low | EC56: 106.985 | ED56: 64.176 | EE56: 37.921 | EF56: MEDIUM | EG56: LOW | EH56: MEDIUM | EI56: LOW | EJ56: Moderate | EK56: Moderate drinker | EL56: No | EM56: Never | EN56: Plausible_reporter | EO56: Plausible_reporter
A57: MI_056 | B57: Medellín | C57: Female | D57: 23 | E57: 18-40 | F57: 90 | G57: 34 | H57: Normal | I57: 27 | J57: 97 | K57: 158 | L57: 136 | M57: 4.6470588 | N57: =LOG10(L57/G57) -> 0.60205999 | O57: =IF(N57<0.1,"Low", IF(N57<=0.26, "Medium", "High")) -> High | P57: 151.8 | Q57: 2.03 | R57: 76 | S57: 5.33 | T57: 10.63 | U57: 5.91 | V57: 1.7986464 | W57: 17.48 | X57: 4.218 | Y57: 231.6 | Z57: 486.90808 | AA57: 47 | AB57: 30.516485 | AC57: 3.2769173 | AD57: 0.31976615 | AE57: 70 | AF57: 1.599 | AG57: 27.377962 | AH57: Overweight | AI57: 37.113555 | AJ57: 85.3 | AK57: Central.Obesity | AL57: Normal | AM57: No | AN57: No | AO57: Moderate | AP57: 118 | AQ57: 73 | AR57: 1888.08 | AS57: 12.9327 | AT57: 680.516 | AU57: 897.042 | AV57: 11.9007 | AW57: 1339.09 | AX57: 3012.55 | AY57: 215.085 | AZ57: 10.1591 | BA57: 1.09573 | BB57: 2.44028 | BC57: 693.406 | BD57: 0.94455 | BE57: 1.88672 | BF57: 13.7909 | BG57: 4.70953 | BH57: 1.36437 | BI57: 315.409 | BJ57: 7.1158 | BK57: 128.817 | BL57: 1.3234427 | BM57: 0.81817456 | BN57: 0.83176436 | BO57: 0.078393965 | BP57: Abnormal | BQ57: FALSE | BR57: FALSE | BS57: TRUE | BT57: FALSE | BU57: FALSE | BV57: TRUE | BW57: NA | BX57: NA | BY57: NA | BZ57: NA | CA57: NA | CB57: 1.5256184 | CC57: 0.80806058 | CD57: =IF(CC57<=_xlfn.PERCENTILE.EXC(CC$2:CC$312, 1/3), "Low", IF(CC57<=_xlfn.PERCENTILE.EXC(CC$2:CC$312, 2/3), "Medium", "High")) -> High | CE57: =IF(CC57<MEDIAN(CC57:CC494),"antiinflamatoria","proinflamatoria") -> proinflamatoria | CF57: 38.508792 | CG57: High-fat | CH57: 0.078608674 | CI57: 0.18787315 | CJ57: 0.10406591 | CK57: 0.064241718 | CL57: 0.28056523 | CM57: 243.529 | CN57: =IF(CM57>1000, "High","low") -> low | CO57: 278.042 | CP57: 234.089 | CQ57: 43.953 | CR57: 19.317 | CS57: 253.9 | CT57: 1.468 | CU57: 0 | CV57: 1.468 | CW57: 0 | CX57: 3.357 | CY57: 3.357 | CZ57: 0 | DA57: 1.468 | DB57: 0 | DC57: 0 | DD57: 3.778 | DE57: 0.374 | DF57: 0 | DG57: 0.374 | DH57: 14.303 | DI57: 0.002 | DJ57: 14.306 | DK57: 0.798 | DL57: 0.062 | DM57: 0.86 | DN57: 0.23 | DO57: 0.968 | DP57: 1.198 | DQ57: 213.117 | DR57: 39.543 | DS57: 252.66 | DT57: 0 | DU57: 3.357 | DV57: 3.357 | DW57: LOW | DX57: LOW | DY57: LOW | DZ57: MEDIUM | EA57: 128.982 | EB57: =IF(EA57<510,"low","high") -> low | EC57: 147.262 | ED57: 10.231 | EE57: 134.475 | EF57: LOW | EG57: LOW | EH57: LOW | EI57: MEDIUM | EJ57: Moderate | EK57: Never | EL57: No | EM57: Never | EN57: Plausible_reporter | EO57: Plausible_reporter
A58: MI_057 | B58: Medellín | C58: Men | D58: 45 | E58: 41-60 | F58: 137 | G58: 41 | H58: Normal | I58: 28 | J58: 158 | K58: 227 | L58: 140 | M58: 5.5365854 | N58: =LOG10(L58/G58) -> 0.53334418 | O58: =IF(N58<0.1,"Low", IF(N58<=0.26, "Medium", "High")) -> High | P58: 230.6 | Q58: 5.66 | R58: 84 | S58: 5.5 | T58: 0.74 | U58: 18.35 | V58: 0.040326975 | W58: 15.89 | X58: 4.662 | Y58: 178.3 | Z58: 273.49398 | AA58: 50.1 | AB58: 30.372906 | AC58: 3.292408 | AD58: 0.31955687 | AE58: 79.1 | AF58: 1.721 | AG58: 26.706363 | AH58: Overweight | AI58: 37.728603 | AJ58: 92.4 | AK58: Central.Obesity | AL58: Abdominal obesity | AM58: No | AN58: Yes | AO58: Vigorous | AP58: 115 | AQ58: 71 | AR58: 2628.75 | AS58: 21.069 | AT58: 485.875 | AU58: 1104.99 | AV58: 14.8381 | AW58: 861.842 | AX58: 3727.28 | AY58: 319.43 | AZ58: 10.9455 | BA58: 2.11632 | BB58: 3.50398 | BC58: 1025.03 | BD58: 1.4172 | BE58: 1.70066 | BF58: 19.4411 | BG58: 5.63024 | BH58: 1.6659 | BI58: 398.478 | BJ58: 7.17381 | BK58: 219.902 | BL58: 3.6023234 | BM58: 0.60133343 | BN58: 0.73004146 | BO58: 0.074813103 | BP58: Abnormal | BQ58: FALSE | BR58: FALSE | BS58: FALSE | BT58: FALSE | BU58: TRUE | BV58: TRUE | BW58: 27.380948 | BX58: 3.010611 | BY58: 1.1446546 | BZ58: 0.9406045 | CA58: 0.42025527 | CB58: -0.94388646 | CC58: -0.3590287 | CD58: =IF(CC58<=_xlfn.PERCENTILE.EXC(CC$2:CC$312, 1/3), "Low", IF(CC58<=_xlfn.PERCENTILE.EXC(CC$2:CC$312, 2/3), "Medium", "High")) -> Low | CE58: =IF(CC58<MEDIAN(CC58:CC495),"antiinflamatoria","proinflamatoria") -> antiinflamatoria | CF58: 26.748918 | CG58: High-fat | CH58: 0.16315705 | CI58: 0.42657733 | CJ58: 0.007258515 | CK58: 0.081598469 | CL58: 0.16606844 | CM58: 1694.034 | CN58: =IF(CM58>1000, "High","low") -> High | CO58: 1655.26 | CP58: 1464.997 | CQ58: 190.263 | CR58: 542.908 | CS58: 1096.426 | CT58: 12.464 | CU58: 0 | CV58: 12.464 | CW58: 0 | CX58: 3.462 | CY58: 3.462 | CZ58: 0 | DA58: 8.512 | DB58: 420.139 | DC58: 0 | DD58: 10.902 | DE58: 0.125 | DF58: 0 | DG58: 0.125 | DH58: 10.804 | DI58: 0.002 | DJ58: 10.806 | DK58: 98.153 | DL58: 2.737 | DM58: 100.89 | DN58: 2.993 | DO58: 1.021 | DP58: 4.014 | DQ58: 909.369 | DR58: 183.038 | DS58: 1092.407 | DT58: 0 | DU58: 3.462 | DV58: 3.462 | DW58: HIGH | DX58: HIGH | DY58: HIGH | DZ58: HIGH | EA58: 644.426 | EB58: =IF(EA58<510,"low","high") -> high | EC58: 629.676 | ED58: 206.527 | EE58: 417.09 | EF58: MEDIUM | EG58: HIGH | EH58: HIGH | EI58: HIGH | EJ58: High | EK58: Moderate drinker | EL58: No | EM58: Never | EN58: Over_reporter | EO58: Over_reporter
A59: MI_058 | B59: Medellín | C59: Female | D59: 49 | E59: 41-60 | F59: 103 | G59: 74 | H59: Normal | I59: 26 | J59: 108 | K59: 208 | L59: 132 | M59: 2.8108108 | N59: =LOG10(L59/G59) -> 0.25134221 | O59: =IF(N59<0.1,"Low", IF(N59<=0.26, "Medium", "High")) -> Medium | P59: 195.6 | Q59: 1.51 | R59: 104 | S59: 5.25 | T59: 3.91 | U59: 7.43 | V59: 0.52624495 | W59: 8.84 | X59: 5.772 | Y59: 78.6 | Z59: 77.816901 | AA59: 84.2 | AB59: 44.096481 | AC59: 2.2677547 | AD59: 0.33699354 | AE59: 57.8 | AF59: 1.531 | AG59: 24.659113 | AH59: Normal | AI59: 37.275504 | AJ59: 84.7 | AK59: Central.Obesity | AL59: Normal | AM59: No | AN59: Yes | AO59: Vigorous | AP59: 124 | AQ59: 69 | AR59: 1379.32 | AS59: 10.5475 | AT59: 726.366 | AU59: 845.618 | AV59: 13.5178 | AW59: 997.12 | AX59: 3165.68 | AY59: 184.187 | AZ59: 10.2208 | BA59: 0.979434 | BB59: 2.3594 | BC59: 1057.47 | BD59: 1.75566 | BE59: 2.38387 | BF59: 22.8821 | BG59: 6.00965 | BH59: 1.50398 | BI59: 438.287 | BJ59: 7.38107 | BK59: 168.999 | BL59: 1.2228524 | BM59: 1.7909901 | BN59: 0.41855673 | BO59: 0.037134971 | BP59: Healthy | BQ59: FALSE | BR59: FALSE | BS59: FALSE | BT59: TRUE | BU59: FALSE | BV59: FALSE | BW59: 17.209242 | BX59: 1.2434014 | BY59: 0.70251386 | BZ59: 0.14508529 | CA59: 0.095405018 | CB59: -0.42241514 | CC59: -0.3063199 | CD59: =IF(CC59<=_xlfn.PERCENTILE.EXC(CC$2:CC$312, 1/3), "Low", IF(CC59<=_xlfn.PERCENTILE.EXC(CC$2:CC$312, 2/3), "Medium", "High")) -> Low | CE59: =IF(CC59<MEDIAN(CC59:CC496),"antiinflamatoria","proinflamatoria") -> antiinflamatoria | CF59: 39.848878 | CG59: High-fat | CH59: 0.21663498 | CI59: 0.11299113 | CJ59: 0.032541191 | CK59: 0.017427123 | CL59: 0.5002218 | CM59: 675.097 | CN59: =IF(CM59>1000, "High","low") -> low | CO59: 520.228 | CP59: 359.965 | CQ59: 160.263 | CR59: 92.33 | CS59: 420.08 | CT59: 7.681 | CU59: 0 | CV59: 7.681 | CW59: 0 | CX59: 0.138 | CY59: 0.138 | CZ59: 0 | DA59: 1.355 | DB59: 0 | DC59: 0 | DD59: 0 | DE59: 56.941 | DF59: 14.827 | DG59: 71.769 | DH59: 18.553 | DI59: 0 | DJ59: 18.553 | DK59: 1.632 | DL59: 0.376 | DM59: 2.008 | DN59: 0.054 | DO59: 0.547 | DP59: 0.601 | DQ59: 275.102 | DR59: 144.374 | DS59: 419.476 | DT59: 0 | DU59: 0.138 | DV59: 0.138 | DW59: LOW | DX59: MEDIUM | DY59: MEDIUM | DZ59: MEDIUM | EA59: 489.442 | EB59: =IF(EA59<510,"low","high") -> low | EC59: 377.163 | ED59: 66.939 | EE59: 304.556 | EF59: MEDIUM | EG59: MEDIUM | EH59: MEDIUM | EI59: HIGH | EJ59: High | EK59: Moderate drinker | EL59: No | EM59: Never | EN59: Under_reporter | EO59: Under_reporter
A60: MI_059 | B60: Medellín | C60: Men | D60: 27 | E60: 18-40 | F60: 124 | G60: 72 | H60: Normal | I60: 21 | J60: 70 | K60: 163 | L60: 106 | M60: 2.2638889 | N60: =LOG10(L60/G60) -> 0.16797337 | O60: =IF(N60<0.1,"Low", IF(N60<=0.26, "Medium", "High")) -> Medium | P60: 260.5 | Q60: 0.33 | R60: 80 | S60: 5.21 | T60: 0.44 | U60: 3.36 | V60: 0.13095238 | W60: 6.02 | X60: 4.44 | Y60: 102.4 | Z60: 128.08511 | AA60: 131.6 | AB60: 84.178863 | AC60: 1.1879467 | AD60: 0.37221535 | AE60: 58.2 | AF60: 1.748 | AG60: 19.047594 | AH60: Normal | AI60: 21.386837 | AJ60: 72 | AK60: Normal | AL60: Normal | AM60: No | AN60: Yes | AO60: Moderate | AP60: 138 | AQ60: 94 | AR60: 2597.63 | AS60: 18.0852 | AT60: 423.683 | AU60: 1035.35 | AV60: 13.2921 | AW60: 1564.65 | AX60: 3533.15 | AY60: 279.122 | AZ60: 10.4832 | BA60: 2.31695 | BB60: 3.43723 | BC60: 699.557 | BD60: 1.78274 | BE60: 1.70066 | BF60: 18.5054 | BG60: 6.51706 | BH60: 2.76465 | BI60: 330.303 | BJ60: 6.91377 | BK60: 183.934 | BL60: 6.5769775 | BM60: 1.4171744 | BN60: 0.54269612 | BO60: 0 | BP60: Healthy | BQ60: TRUE | BR60: FALSE | BS60: FALSE | BT60: FALSE | BU60: FALSE | BV60: FALSE | BW60: 12.182796 | BX60: 0.802991 | BY60: 0.51624113 | BZ60: 0.091498112 | CA60: 0.03791954 | CB60: -0.18036245 | CC60: -0.069423574 | CD60: =IF(CC60<=_xlfn.PERCENTILE.EXC(CC$2:CC$312, 1/3), "Low", IF(CC60<=_xlfn.PERCENTILE.EXC(CC$2:CC$312, 2/3), "Medium", "High")) -> Medium | CE60: =IF(CC60<MEDIAN(CC60:CC497),"antiinflamatoria","proinflamatoria") -> antiinflamatoria | CF60: 15.444444 | CG60: Normal | CH60: 0.20626965 | CI60: 0.43566562 | CJ60: 0.083726415 | CK60: 0.070558176 | CL60: 0.008418501 | CM60: 939.923 | CN60: =IF(CM60>1000, "High","low") -> low | CO60: 347.005 | CP60: 296.391 | CQ60: 50.614 | CR60: 207.191 | CS60: 130.841 | CT60: 0.21 | CU60: 0 | CV60: 0.21 | CW60: 0 | CX60: 8.763 | CY60: 8.763 | CZ60: 0 | DA60: 0.187 | DB60: 0 | DC60: 0 | DD60: 197.696 | DE60: 0.857 | DF60: 0 | DG60: 0.857 | DH60: 1.812 | DI60: 0.006 | DJ60: 1.818 | DK60: 5.629 | DL60: 1.065 | DM60: 6.694 | DN60: 0.434 | DO60: 3.62 | DP60: 4.054 | DQ60: 89.676 | DR60: 37.076 | DS60: 126.751 | DT60: 0 | DU60: 8.763 | DV60: 8.763 | DW60: MEDIUM | DX60: LOW | DY60: MEDIUM | DZ60: MEDIUM | EA60: 361.839 | EB60: =IF(EA60<510,"low","high") -> low | EC60: 133.585 | ED60: 79.762 | EE60: 50.369 | EF60: LOW | EG60: LOW | EH60: MEDIUM | EI60: LOW | EJ60: Moderate | EK60: Moderate drinker | EL60: No | EM60: Never | EN60: Over_reporter | EO60: Over_reporter
A61: MI_060 | B61: Medellín | C61: Female | D61: 40 | E61: 18-40 | F61: 124 | G61: 39 | H61: Normal | I61: 22 | J61: 79 | K61: 140 | L61: 111 | M61: 3.5897436 | N61: =LOG10(L61/G61) -> 0.45425837 | O61: =IF(N61<0.1,"Low", IF(N61<=0.26, "Medium", "High")) -> High | P61: 52.6 | Q61: 0.39 | R61: 90 | S61: 4.93 | T61: 7.13 | U61: 8.81 | V61: 0.8093076 | W61: 6.37 | X61: 4.995 | Y61: 83.9 | Z61: 85.217391 | AA61: 120.6 | AB61: 70.714356 | AC61: 1.41414 | AD61: 0.36201556 | AE61: 72.6 | AF61: 1.597 | AG61: 28.466023 | AH61: Overweight | AI61: 44.126488 | AJ61: 96.5 | AK61: Central.Obesity | AL61: Abdominal obesity | AM61: No | AN61: No | AO61: Vigorous | AP61: 149 | AQ61: 102 | AR61: 1421.81 | AS61: 14.0794 | AT61: 655.171 | AU61: 956.536 | AV61: 11.0066 | AW61: 1235.09 | AX61: 2229.35 | AY61: 186.995 | AZ61: 9.77493 | BA61: 1.02358 | BB61: 2.66208 | BC61: 834.599 | BD61: 0.865001 | BE61: 1.30931 | BF61: 19.5923 | BG61: 3.79775 | BH61: 1.31496 | BI61: 265.069 | BJ61: 7.04924 | BK61: 200.841 | BL61: 1.0032122 | BM61: 1.2589101 | BN61: 0.99908012 | BO61: 0.021985459 | BP61: Abnormal | BQ61: TRUE | BR61: FALSE | BS61: TRUE | BT61: FALSE | BU61: FALSE | BV61: FALSE | BW61: 9.6700866 | BX61: 0.66601442 | BY61: 0.45232808 | BZ61: 0.069376775 | CA61: 0.043918587 | CB61: 0.64086657 | CC61: 0.45067973 | CD61: =IF(CC61<=_xlfn.PERCENTILE.EXC(CC$2:CC$312, 1/3), "Low", IF(CC61<=_xlfn.PERCENTILE.EXC(CC$2:CC$312, 2/3), "Medium", "High")) -> High | CE61: =IF(CC61<MEDIAN(CC61:CC498),"antiinflamatoria","proinflamatoria") -> proinflamatoria | CF61: 42.901554 | CG61: High-fat | CH61: 0.026080299 | CI61: 0.75948701 | CJ61: 0.045078241 | CK61: 0.056467436 | CL61: 0.008805092 | CM61: 661.726 | CN61: =IF(CM61>1000, "High","low") -> low | CO61: 118.384 | CP61: 63.59 | CQ61: 54.794 | CR61: 24.047 | CS61: 77.722 | CT61: 5.08 | CU61: 0 | CV61: 5.08 | CW61: 0 | CX61: 11.535 | CY61: 11.535 | CZ61: 0 | DA61: 4.637 | DB61: 0 | DC61: 0 | DD61: 12.334 | DE61: 0.089 | DF61: 0.635 | DG61: 0.725 | DH61: 0.135 | DI61: 0.222 | DJ61: 0.357 | DK61: 8.902 | DL61: 1.729 | DM61: 10.631 | DN61: 0.119 | DO61: 4.015 | DP61: 4.135 | DQ61: 36.918 | DR61: 36.645 | DS61: 73.563 | DT61: 0 | DU61: 11.535 | DV61: 11.535 | DW61: LOW | DX61: LOW | DY61: LOW | DZ61: LOW | EA61: 465.411 | EB61: =IF(EA61<510,"low","high") -> low | EC61: 83.263 | ED61: 16.913 | EE61: 54.664 | EF61: MEDIUM | EG61: LOW | EH61: LOW | EI61: LOW | EJ61: High | EK61: Never | EL61: No | EM61: Never | EN61: Under_reporter | EO61: Under_reporter
A62: MI_061 | B62: Medellín | C62: Men | D62: 22 | E62: 18-40 | F62: 83 | G62: 43 | H62: Normal | I62: 43 | J62: 77 | K62: 163 | L62: 215 | M62: 3.7906977 | N62: =LOG10(L62/G62) -> 0.69897 | O62: =IF(N62<0.1,"Low", IF(N62<=0.26, "Medium", "High")) -> High | P62: 168.8 | Q62: 0.44 | R62: 82 | S62: 5.14 | T62: 2.63 | U62: 20.74 | V62: 0.1268081 | W62: 14.09 | X62: 4.551 | Y62: 172.4 | Z62: 268.12559 | AA62: 56.7 | AB62: 35.088491 | AC62: 2.8499373 | AD62: 0.32608818 | AE62: 70.6 | AF62: 1.711 | AG62: 24.115967 | AH62: Normal | AI62: 34.37799 | AJ62: 86.7 | AK62: Central.Obesity | AL62: Normal | AM62: Yes | AN62: Yes | AO62: Vigorous | AP62: 121 | AQ62: 78 | AR62: 2566.59 | AS62: 15.4191 | AT62: 481.271 | AU62: 969.765 | AV62: 12.5663 | AW62: 1720.42 | AX62: 3001.98 | AY62: 231.289 | AZ62: 10.4582 | BA62: 2.42021 | BB62: 2.88885 | BC62: 563.204 | BD62: 1.46093 | BE62: 1.43203 | BF62: 20.7395 | BG62: 5.09712 | BH62: 0.958248 | BI62: 315.144 | BJ62: 7.0649 | BK62: 110.774 | BL62: 11.716364 | BM62: 4.9939297 | BN62: 0.77789465 | BO62: 0.054257423 | BP62: Healthy | BQ62: FALSE | BR62: TRUE | BS62: FALSE | BT62: FALSE | BU62: FALSE | BV62: FALSE | BW62: 8.1892065 | BX62: 0.61606072 | BY62: 0.37204244 | BZ62: 0.10055211 | CA62: 0.032187886 | CB62: 1.4522795 | CC62: 0.5657497 | CD62: =IF(CC62<=_xlfn.PERCENTILE.EXC(CC$2:CC$312, 1/3), "Low", IF(CC62<=_xlfn.PERCENTILE.EXC(CC$2:CC$312, 2/3), "Medium", "High")) -> High | CE62: =IF(CC62<MEDIAN(CC62:CC499),"antiinflamatoria","proinflamatoria") -> proinflamatoria | CF62: 24.530565 | CG62: High-fat | CH62: 0.34028941 | CI62: 0.31203572 | CJ62: 0.008845378 | CK62: 0.034952123 | CL62: 0.061273563 | CM62: 409.52 | CN62: =IF(CM62>1000, "High","low") -> low | CO62: 150.835 | CP62: 135.61 | CQ62: 15.225 | CR62: 9.089 | CS62: 128.434 | CT62: 0.764 | CU62: 0 | CV62: 0.764 | CW62: 0 | CX62: 12.547 | CY62: 12.547 | CZ62: 0 | DA62: 0.764 | DB62: 0 | DC62: 0 | DD62: 0 | DE62: 0.428 | DF62: 0 | DG62: 0.428 | DH62: 7.446 | DI62: 0.009 | DJ62: 7.455 | DK62: 0.965 | DL62: 0.241 | DM62: 1.206 | DN62: 0.051 | DO62: 0.279 | DP62: 0.33 | DQ62: 125.955 | DR62: 2.149 | DS62: 128.104 | DT62: 0 | DU62: 12.547 | DV62: 12.547 | DW62: LOW | DX62: LOW | DY62: LOW | DZ62: MEDIUM | EA62: 159.558 | EB62: =IF(EA62<510,"low","high") -> low | EC62: 58.769 | ED62: 3.541 | EE62: 50.041 | EF62: LOW | EG62: LOW | EH62: LOW | EI62: LOW | EJ62: High | EK62: Heavy drinker | EL62: Yes | EM62: Current | EN62: Over_reporter | EO62: Over_reporter
A63: MI_062 | B63: Medellín | C63: Female | D63: 46 | E63: 41-60 | F63: 92 | G63: 54 | H63: Normal | I63: 28 | J63: 112 | K63: 194 | L63: 142 | M63: 3.5925926 | N63: =LOG10(L63/G63) -> 0.41989458 | O63: =IF(N63<0.1,"Low", IF(N63<=0.26, "Medium", "High")) -> High | P63: 39.6 | Q63: 1.35 | R63: 67 | S63: 5.03 | T63: 8.65 | U63: 7.81 | V63: 1.1075544 | W63: 6.83 | X63: 3.7185 | Y63: 159.4 | Z63: 625.17162 | AA63: 122.4 | AB63: 88.591903 | AC63: 1.1287713 | AD63: 0.37531539 | AE63: 61.3 | AF63: 1.64 | AG63: 22.791493 | AH63: Normal | AI63: 38.309978 | AJ63: 75.9 | AK63: Normal | AL63: Normal | AM63: No | AN63: No | AO63: Vigorous | AP63: 107 | AQ63: 68 | AR63: 2291.94 | AS63: 25.5971 | AT63: 742.819 | AU63: 1032.35 | AV63: 15.4551 | AW63: 1140.46 | AX63: 3427.26 | AY63: 265.762 | AZ63: 10.4872 | BA63: 3.65502 | BB63: 3.7345 | BC63: 816.027 | BD63: 1.82925 | BE63: 1.79838 | BF63: 14.2858 | BG63: 4.87519 | BH63: 1.40171 | BI63: 369.817 | BJ63: 6.40661 | BK63: 320.175 | BL63: 0 | BM63: 0 | BN63: 0 | BO63: 0 | BP63: Healthy | BQ63: FALSE | BR63: FALSE | BS63: FALSE | BT63: FALSE | BU63: FALSE | BV63: FALSE | BW63: 7.0709768 | BX63: 0.47200131 | BY63: 0.40378527 | BZ63: 0.075995969 | CA63: 0.070996757 | CB63: -1.2135546 | CC63: -0.52947408 | CD63: =IF(CC63<=_xlfn.PERCENTILE.EXC(CC$2:CC$312, 1/3), "Low", IF(CC63<=_xlfn.PERCENTILE.EXC(CC$2:CC$312, 2/3), "Medium", "High")) -> Low | CE63: =IF(CC63<MEDIAN(CC63:CC500),"antiinflamatoria","proinflamatoria") -> antiinflamatoria | CF63: 32.785244 | CG63: High-fat | CH63: 0.042460551 | CI63: 0.27080469 | CJ63: 0.011392654 | CK63: 0.16584823 | CL63: 0.18218425 | CM63: 2470.354 | CN63: =IF(CM63>1000, "High","low") -> High | CO63: 646.071 | CP63: 558.991 | CQ63: 87.081 | CR63: 527.765 | CS63: 85.558 | CT63: 0.439 | CU63: 0 | CV63: 0.439 | CW63: 0 | CX63: 32.03 | CY63: 32.03 | CZ63: 0.279 | DA63: 0.409 | DB63: 108.144 | DC63: 0 | DD63: 398.524 | DE63: 0 | DF63: 3.419 | DG63: 3.419 | DH63: 4.122 | DI63: 0.214 | DJ63: 4.336 | DK63: 8.603 | DL63: 4.739 | DM63: 13.342 | DN63: 0.507 | DO63: 5.022 | DP63: 5.529 | DQ63: 38.35 | DR63: 41.633 | DS63: 79.984 | DT63: 0 | DU63: 32.03 | DV63: 32.03 | DW63: HIGH | DX63: MEDIUM | DY63: HIGH | DZ63: LOW | EA63: 1077.844 | EB63: =IF(EA63<510,"low","high") -> high | EC63: 281.888 | ED63: 230.27 | EE63: 37.33 | EF63: HIGH | EG63: MEDIUM | EH63: HIGH | EI63: LOW | EJ63: High | EK63: Never | EL63: No | EM63: Never | EN63: Plausible_reporter | EO63: Plausible_reporter
A64: MI_063 | B64: Medellín | C64: Men | D64: 39 | E64: 18-40 | F64: 102 | G64: 46 | H64: Normal | I64: 17 | J64: 121 | K64: 184 | L64: 84 | M64: 4 | N64: =LOG10(L64/G64) -> 0.26152145 | O64: =IF(N64<0.1,"Low", IF(N64<=0.26, "Medium", "High")) -> High | P64: 321.7 | Q64: 4.95 | R64: 82 | S64: 4.9 | T64: 0.81 | U64: 5.18 | V64: 0.15637066 | W64: 7.95 | X64: 4.551 | Y64: 117.4 | Z64: 151.28449 | AA64: 99.3 | AB64: 62.188281 | AC64: 1.60802 | AD64: 0.35484759 | AE64: 86.5 | AF64: 1.788 | AG64: 27.05709 | AH64: Overweight | AI64: 34.201294 | AJ64: 96.5 | AK64: Central.Obesity | AL64: Abdominal obesity | AM64: No | AN64: Yes | AO64: Light | AP64: 124 | AQ64: 78 | AR64: 2257.83 | AS64: 13.7526 | AT64: 1045.75 | AU64: 1359.54 | AV64: 13.0216 | AW64: 1755.24 | AX64: 4003.36 | AY64: 254.391 | AZ64: 11.097 | BA64: 1.17945 | BB64: 2.62361 | BC64: 830.801 | BD64: 1.20685 | BE64: 2.36609 | BF64: 15.3659 | BG64: 5.74365 | BH64: 1.5187 | BI64: 311.666 | BJ64: 7.48482 | BK64: 112.371 | BL64: 0.95048931 | BM64: 1.9915567 | BN64: 0.93597532 | BO64: 0.047836955 | BP64: Abnormal | BQ64: TRUE | BR64: FALSE | BS64: FALSE | BT64: FALSE | BU64: TRUE | BV64: FALSE | BW64: 7.8718606 | BX64: 0.49236537 | BY64: 0.39753498 | BZ64: 0.053159259 | CA64: 0.081616865 | CB64: 0.97937555 | CC64: 0.43373585 | CD64: =IF(CC64<=_xlfn.PERCENTILE.EXC(CC$2:CC$312, 1/3), "Low", IF(CC64<=_xlfn.PERCENTILE.EXC(CC$2:CC$312, 2/3), "Medium", "High")) -> High | CE64: =IF(CC64<MEDIAN(CC64:CC501),"antiinflamatoria","proinflamatoria") -> proinflamatoria | CF64: 26.943005 | CG64: High-fat | CH64: 0.075047819 | CI64: 0.51393317 | CJ64: 0.31721862 | CK64: 0.011701609 | CL64: 0.000112515 | CM64: 883.389 | CN64: =IF(CM64>1000, "High","low") -> low | CO64: 735.265 | CP64: 434.313 | CQ64: 300.952 | CR64: 29.184 | CS64: 678.687 | CT64: 4.4 | CU64: 0 | CV64: 4.4 | CW64: 0 | CX64: 22.994 | CY64: 22.994 | CZ64: 0 | DA64: 0.448 | DB64: 0 | DC64: 0 | DD64: 28.332 | DE64: 0 | DF64: 0 | DG64: 0 | DH64: 0 | DI64: 0.236 | DJ64: 0.236 | DK64: 0 | DL64: 0.616 | DM64: 0.616 | DN64: 0.194 | DO64: 2.455 | DP64: 2.649 | DQ64: 401.327 | DR64: 274.592 | DS64: 675.919 | DT64: 0 | DU64: 22.994 | DV64: 22.994 | DW64: MEDIUM | DX64: MEDIUM | DY64: LOW | DZ64: HIGH | EA64: 391.256 | EB64: =IF(EA64<510,"low","high") -> low | EC64: 325.651 | ED64: 12.926 | EE64: 300.593 | EF64: LOW | EG64: MEDIUM | EH64: LOW | EI64: HIGH | EJ64: Low | EK64: Moderate drinker | EL64: No | EM64: Never | EN64: Plausible_reporter | EO64: Plausible_reporter
A65: MI_064 | B65: Medellín | C65: Men | D65: 45 | E65: 41-60 | F65: 136 | G65: 46 | H65: Normal | I65: 37 | J65: 150 | K65: 233 | L65: 184 | M65: 5.0652174 | N65: =LOG10(L65/G65) -> 0.60205999 | O65: =IF(N65<0.1,"Low", IF(N65<=0.26, "Medium", "High")) -> High | P65: 238 | Q65: 1.9 | R65: 90 | S65: 5.4 | T65: 2.72 | U65: 3.89 | V65: 0.69922879 | W65: 21.1 | X65: 4.995 | Y65: 189 | Z65: 282.27425 | AA65: 37.4 | AB65: 21.348363 | AC65: 4.6842 | AD65: 0.30465 | AE65: 90.3 | AF65: 1.734 | AG65: 30.032367 | AH65: Obesity | AI65: 41.241219 | AJ65: 108.1 | AK65: Central.Obesity | AL65: Abdominal obesity | AM65: No | AN65: Yes | AO65: Vigorous | AP65: 145 | AQ65: 107 | AR65: 2747.16 | AS65: 23.5601 | AT65: 898.793 | AU65: 1249.99 | AV65: 14.1474 | AW65: 1751.3 | AX65: 5299.34 | AY65: 371.674 | AZ65: 10.2117 | BA65: 8.862 | BB65: 4.37804 | BC65: 926.91 | BD65: 1.85951 | BE65: 2.01503 | BF65: 20.6485 | BG65: 6.31907 | BH65: 2.0068 | BI65: 441.938 | BJ65: 7.16695 | BK65: 348.633 | BL65: 0.72877768 | BM65: 0.2589876 | BN65: 0.089801797 | BO65: 0.013638977 | BP65: Abnormal | BQ65: TRUE | BR65: TRUE | BS65: FALSE | BT65: FALSE | BU65: FALSE | BV65: TRUE | BW65: 8.1526254 | BX65: 0.38567109 | BY65: 0.2414403 | BZ65: 0.038943526 | CA65: 0.034171492 | CB65: -1.0964236 | CC65: -0.3991349 | CD65: =IF(CC65<=_xlfn.PERCENTILE.EXC(CC$2:CC$312, 1/3), "Low", IF(CC65<=_xlfn.PERCENTILE.EXC(CC$2:CC$312, 2/3), "Medium", "High")) -> Low | CE65: =IF(CC65<MEDIAN(CC65:CC502),"antiinflamatoria","proinflamatoria") -> antiinflamatoria | CF65: 31.918594 | CG65: High-fat | CH65: 0.080728555 | CI65: 0.41848805 | CJ65: 0.035095966 | CK65: 0.11915394 | CL65: 0.088366627 | CM65: 3419.541 | CN65: =IF(CM65>1000, "High","low") -> High | CO65: 3762.849 | CP65: 2794.373 | CQ65: 968.477 | CR65: 1162.016 | CS65: 2561.34 | CT65: 37.504 | CU65: 0 | CV65: 37.504 | CW65: 0 | CX65: 1.982 | CY65: 1.982 | CZ65: 0.007 | DA65: 9.198 | DB65: 127.609 | DC65: 0 | DD65: 351.653 | DE65: 183.552 | DF65: 47.797 | DG65: 231.348 | DH65: 39.327 | DI65: 0.001 | DJ65: 39.328 | DK65: 404.322 | DL65: 7.756 | DM65: 412.078 | DN65: 37.398 | DO65: 33.531 | DP65: 70.929 | DQ65: 1612.955 | DR65: 877.363 | DS65: 2490.318 | DT65: 0 | DU65: 1.982 | DV65: 1.982 | DW65: HIGH | DX65: HIGH | DY65: HIGH | DZ65: HIGH | EA65: 1244.755 | EB65: =IF(EA65<510,"low","high") -> high | EC65: 1369.723 | ED65: 422.988 | EE65: 932.359 | EF65: HIGH | EG65: HIGH | EH65: HIGH | EI65: HIGH | EJ65: High | EK65: Moderate drinker | EL65: No | EM65: Current | EN65: Over_reporter | EO65: Over_reporter
A66: MI_065 | B66: Medellín | C66: Men | D66: 56 | E66: 41-60 | F66: 97.5 | G66: 36 | H66: Low | I66: 42 | J66: 87 | K66: 165 | L66: 209 | M66: 4.5833333 | N66: =LOG10(L66/G66) -> 0.76384379 | O66: =IF(N66<0.1,"Low", IF(N66<=0.26, "Medium", "High")) -> High | P66: 265.1 | Q66: 3.28 | R66: 99 | S66: 5.47 | T66: 1.81 | U66: 8.03 | V66: 0.22540473 | W66: 15.46 | X66: 5.4945 | Y66: 127 | Z66: 155.02632 | AA66: 49.3 | AB66: 26.487737 | AC66: 3.775332 | AD66: 0.31360005 | AE66: 87.5 | AF66: 1.642 | AG66: 32.453515 | AH66: Obesity | AI66: 41.143854 | AJ66: 108.6 | AK66: Central.Obesity | AL66: Abdominal obesity | AM66: No | AN66: No | AO66: Vigorous | AP66: 119 | AQ66: 68 | AR66: 1820.86 | AS66: 14.0068 | AT66: 681.396 | AU66: 1094.11 | AV66: 11.7442 | AW66: 1100.43 | AX66: 3139.12 | AY66: 241.237 | AZ66: 9.73954 | BA66: 1.36597 | BB66: 2.3679 | BC66: 673.268 | BD66: 0.926039 | BE66: 2.04182 | BF66: 13.27 | BG66: 5.74466 | BH66: 0.864537 | BI66: 277.531 | BJ66: 7.75543 | BK66: 177.437 | BL66: 5.0165267 | BM66: 0.8242857 | BN66: 0.19980689 | BO66: 0.032745089 | BP66: Abnormal | BQ66: TRUE | BR66: TRUE | BS66: TRUE | BT66: FALSE | BU66: TRUE | BV66: TRUE | BW66: 7.502576 | BX66: 0.18609632 | BY66: 0.16848072 | BZ66: 0.04875387 | CA66: 0.016085282 | CB66: 1.336476 | CC66: 0.73392421 | CD66: =IF(CC66<=_xlfn.PERCENTILE.EXC(CC$2:CC$312, 1/3), "Low", IF(CC66<=_xlfn.PERCENTILE.EXC(CC$2:CC$312, 2/3), "Medium", "High")) -> High | CE66: =IF(CC66<MEDIAN(CC66:CC503),"antiinflamatoria","proinflamatoria") -> proinflamatoria | CF66: 33.760589 | CG66: High-fat | CH66: 0.14646344 | CI66: 0.20977217 | CJ66: 0.010994681 | CK66: 0.35159165 | CL66: 0.12701437 | CM66: 2203.227 | CN66: =IF(CM66>1000, "High","low") -> High | CO66: 2401.975 | CP66: 1695.953 | CQ66: 706.022 | CR66: 191.911 | CS66: 2188.609 | CT66: 15.918 | CU66: 0 | CV66: 15.918 | CW66: 0 | CX66: 5.537 | CY66: 5.537 | CZ66: 0 | DA66: 1.62 | DB66: 0 | DC66: 0 | DD66: 182.227 | DE66: 0.049 | DF66: 4.581 | DG66: 4.631 | DH66: 0.032 | DI66: 0.191 | DJ66: 0.223 | DK66: 1.122 | DL66: 0.708 | DM66: 1.83 | DN66: 0.159 | DO66: 1.697 | DP66: 1.856 | DQ66: 1493.421 | DR66: 693.284 | DS66: 2186.705 | DT66: 0 | DU66: 5.537 | DV66: 5.537 | DW66: HIGH | DX66: HIGH | DY66: MEDIUM | DZ66: HIGH | EA66: 1209.992 | EB66: =IF(EA66<510,"low","high") -> high | EC66: 1319.143 | ED66: 105.396 | EE66: 1201.964 | EF66: HIGH | EG66: HIGH | EH66: MEDIUM | EI66: HIGH | EJ66: High | EK66: Never | EL66: No | EM66: Never | EN66: Plausible_reporter | EO66: Plausible_reporter
A67: MI_066 | B67: Medellín | C67: Men | D67: 29 | E67: 18-40 | F67: 91.7 | G67: 50 | H67: Normal | I67: 27 | J67: 105 | K67: 182 | L67: 136 | M67: 3.64 | N67: =LOG10(L67/G67) -> 0.4345689 | O67: =IF(N67<0.1,"Low", IF(N67<=0.26, "Medium", "High")) -> High | P67: 145.5 | Q67: 1.32 | R67: 84 | S67: 4.97 | T67: 0.53 | U67: 1.71 | V67: 0.30994152 | W67: 8.29 | X67: 4.662 | Y67: 115 | Z67: 142.68503 | AA67: 94.7 | AB67: 58.21779 | AC67: 1.717688 | AD67: 0.35127603 | AE67: 81.9 | AF67: 1.777 | AG67: 25.936361 | AH67: Overweight | AI67: 33.097155 | AJ67: 86.7 | AK67: Central.Obesity | AL67: Normal | AM67: No | AN67: Yes | AO67: Vigorous | AP67: 154 | AQ67: 95 | AR67: 2019.21 | AS67: 15.9631 | AT67: 984.331 | AU67: 1136.23 | AV67: 17.8766 | AW67: 1214.03 | AX67: 3658.74 | AY67: 257.994 | AZ67: 10.7391 | BA67: 1.44619 | BB67: 3.11171 | BC67: 1258.27 | BD67: 2.4582 | BE67: 3.27605 | BF67: 30.206 | BG67: 9.12823 | BH67: 2.48592 | BI67: 581.549 | BJ67: 7.66204 | BK67: 230.223 | BL67: 7.0952594 | BM67: 1.9289347 | BN67: 1.0159037 | BO67: 0.028997142 | BP67: Healthy | BQ67: TRUE | BR67: FALSE | BS67: FALSE | BT67: FALSE | BU67: FALSE | BV67: FALSE | BW67: 38.945849 | BX67: 31.819134 | BY67: 19.430835 | BZ67: 9.0721297 | CA67: 9.8102678 | CB67: -1.3193636 | CC67: -0.65347382 | CD67: =IF(CC67<=_xlfn.PERCENTILE.EXC(CC$2:CC$312, 1/3), "Low", IF(CC67<=_xlfn.PERCENTILE.EXC(CC$2:CC$312, 2/3), "Medium", "High")) -> Low | CE67: =IF(CC67<MEDIAN(CC67:CC504),"antiinflamatoria","proinflamatoria") -> antiinflamatoria | CF67: 23.008074 | CG67: High-fat | CH67: 0.27723078 | CI67: 0.35188171 | CJ67: 0.10261072 | CK67: 0.042814505 | CL67: 0.027719647 | CM67: 937.179 | CN67: =IF(CM67>1000, "High","low") -> low | CO67: 428.788 | CP67: 274.832 | CQ67: 153.955 | CR67: 132.485 | CS67: 288.436 | CT67: 2.071 | CU67: 0 | CV67: 2.071 | CW67: 0 | CX67: 5.795 | CY67: 5.795 | CZ67: 0 | DA67: 0.211 | DB67: 0 | DC67: 0 | DD67: 34.409 | DE67: 0 | DF67: 19.035 | DG67: 19.035 | DH67: 0 | DI67: 0.688 | DJ67: 0.688 | DK67: 64.749 | DL67: 13.605 | DM67: 78.354 | DN67: 3.731 | DO67: 0.774 | DP67: 4.504 | DQ67: 169.856 | DR67: 114.041 | DS67: 283.897 | DT67: 0 | DU67: 5.795 | DV67: 5.795 | DW67: MEDIUM | DX67: MEDIUM | DY67: MEDIUM | DZ67: MEDIUM | EA67: 464.132 | EB67: =IF(EA67<510,"low","high") -> low | EC67: 212.354 | ED67: 65.612 | EE67: 142.846 | EF67: MEDIUM | EG67: MEDIUM | EH67: MEDIUM | EI67: MEDIUM | EJ67: High | EK67: Moderate drinker | EL67: No | EM67: Never | EN67: Plausible_reporter | EO67: Plausible_reporter
A68: MI_067 | B68: Medellín | C68: Men | D68: 51 | E68: 41-60 | F68: 93.8 | G68: 32 | H68: Low | I68: 32 | J68: 93 | K68: 157 | L68: 160 | M68: 4.90625 | N68: =LOG10(L68/G68) -> 0.69897 | O68: =IF(N68<0.1,"Low", IF(N68<=0.26, "Medium", "High")) -> High | P68: 84.5 | Q68: 2.18 | R68: 88 | S68: 5.64 | T68: 0.5 | U68: 2.7 | V68: 0.18518519 | W68: 4.56 | X68: 4.884 | Y68: 70.1 | Z68: 65.895954 | AA68: 168.8 | AB68: 101.02806 | AC68: 0.989824 | AD68: 0.38352708 | AE68: 61.8 | AF68: 1.634 | AG68: 23.146449 | AH68: Normal | AI68: 36.533638 | AJ68: 83.6 | AK68: Central.Obesity | AL68: Normal | AM68: No | AN68: Yes | AO68: Moderate | AP68: 114 | AQ68: 71 | AR68: 1925.25 | AS68: 18.3421 | AT68: 700.668 | AU68: 939.92 | AV68: 15.3393 | AW68: 1290.24 | AX68: 2840.44 | AY68: 238.072 | AZ68: 10.2979 | BA68: 1.53037 | BB68: 3.08394 | BC68: 889.978 | BD68: 1.04146 | BE68: 1.58078 | BF68: 13.5646 | BG68: 4.60991 | BH68: 1.30938 | BI68: 363.448 | BJ68: 6.81574 | BK68: 165.894 | BL68: 1.4218892 | BM68: 0.23939792 | BN68: 0.13010942 | BO68: 0.021020084 | BP68: Abnormal | BQ68: TRUE | BR68: TRUE | BS68: TRUE | BT68: FALSE | BU68: FALSE | BV68: FALSE | BW68: 12.854927 | BX68: 18.95805 | BY68: 8.2104582 | BZ68: 5.268379 | CA68: 11.513863 | CB68: -0.42048035 | CC68: -0.21843135 | CD68: =IF(CC68<=_xlfn.PERCENTILE.EXC(CC$2:CC$312, 1/3), "Low", IF(CC68<=_xlfn.PERCENTILE.EXC(CC$2:CC$312, 2/3), "Medium", "High")) -> Low | CE68: =IF(CC68<MEDIAN(CC68:CC505),"antiinflamatoria","proinflamatoria") -> antiinflamatoria | CF68: 24.909091 | CG68: High-fat | CH68: 0.2289817 | CI68: 0.19328437 | CJ68: 0.008988271 | CK68: 0.072198473 | CL68: 0.2969418 | CM68: 1060.719 | CN68: =IF(CM68>1000, "High","low") -> High | CO68: 181.53 | CP68: 60.248 | CQ68: 121.282 | CR68: 68.647 | CS68: 53.214 | CT68: 0.007 | CU68: 0 | CV68: 0.007 | CW68: 0 | CX68: 59.661 | CY68: 59.661 | CZ68: 0 | DA68: 0 | DB68: 0 | DC68: 0 | DD68: 54.852 | DE68: 0 | DF68: 12.514 | DG68: 12.514 | DH68: 0 | DI68: 0.585 | DJ68: 0.585 | DK68: 0 | DL68: 0.697 | DM68: 0.697 | DN68: 0.197 | DO68: 3.513 | DP68: 3.71 | DQ68: 5.17 | DR68: 44.29 | DS68: 49.46 | DT68: 0 | DU68: 59.661 | DV68: 59.661 | DW68: MEDIUM | DX68: LOW | DY68: MEDIUM | DZ68: LOW | EA68: 550.952 | EB68: =IF(EA68<510,"low","high") -> high | EC68: 94.289 | ED68: 35.656 | EE68: 27.64 | EF68: MEDIUM | EG68: LOW | EH68: MEDIUM | EI68: LOW | EJ68: Moderate | EK68: Moderate drinker | EL68: No | EM68: Never | EN68: Plausible_reporter | EO68: Plausible_reporter
A69: MI_068 | B69: Medellín | C69: Men | D69: 32 | E69: 18-40 | F69: 97.5 | G69: 51 | H69: Normal | I69: 26 | J69: 104 | K69: 181 | L69: 128 | M69: 3.5490196 | N69: =LOG10(L69/G69) -> 0.39963979 | O69: =IF(N69<0.1,"Low", IF(N69<=0.26, "Medium", "High")) -> High | P69: 222.7 | Q69: 0.62 | R69: 85 | S69: 5.44 | T69: 3.53 | U69: 3.5 | V69: 1.0085714 | W69: 13.66 | X69: 4.7175 | Y69: 157.3 | Z69: 224.39425 | AA69: 57.9 | AB69: 34.915632 | AC69: 2.8640467 | AD69: 0.32586028 | AE69: 77.5 | AF69: 1.701 | AG69: 26.785088 | AH69: Overweight | AI69: 35.88491 | AJ69: 92 | AK69: Central.Obesity | AL69: Abdominal obesity | AM69: No | AN69: No | AO69: Vigorous | AP69: 127 | AQ69: 82 | AR69: 2214.48 | AS69: 21.4934 | AT69: 926.536 | AU69: 1161.62 | AV69: 15.7132 | AW69: 2010.39 | AX69: 3578.2 | AY69: 291.612 | AZ69: 11.0987 | BA69: 2.72381 | BB69: 4.45695 | BC69: 727.074 | BD69: 1.08054 | BE69: 1.67235 | BF69: 14.4295 | BG69: 4.72768 | BH69: 3.12409 | BI69: 381.795 | BJ69: 7.25596 | BK69: 216.093 | BL69: 1.6304273 | BM69: 0.6622431 | BN69: 0.36750091 | BO69: 0 | BP69: Healthy | BQ69: FALSE | BR69: FALSE | BS69: FALSE | BT69: FALSE | BU69: FALSE | BV69: FALSE | BW69: 24.823084 | BX69: 13.527353 | BY69: 4.9570866 | BZ69: 4.6138465 | CA69: 4.9882787 | CB69: -0.87705826 | CC69: -0.39614194 | CD69: =IF(CC69<=_xlfn.PERCENTILE.EXC(CC$2:CC$312, 1/3), "Low", IF(CC69<=_xlfn.PERCENTILE.EXC(CC$2:CC$312, 2/3), "Medium", "High")) -> Low | CE69: =IF(CC69<MEDIAN(CC69:CC506),"antiinflamatoria","proinflamatoria") -> antiinflamatoria | CF69: 27.021739 | CG69: High-fat | CH69: 0.12118283 | CI69: 0.62278659 | CJ69: 0.064062569 | CK69: 0.037523617 | CL69: 0.021442067 | CM69: 2533.004 | CN69: =IF(CM69>1000, "High","low") -> High | CO69: 1657.296 | CP69: 1271.328 | CQ69: 385.968 | CR69: 554.741 | CS69: 1048.937 | CT69: 30.327 | CU69: 0 | CV69: 30.327 | CW69: 0 | CX69: 23.186 | CY69: 23.186 | CZ69: 0.105 | DA69: 23.344 | DB69: 24.31 | DC69: 0 | DD69: 471.698 | DE69: 0 | DF69: 8.46 | DG69: 8.46 | DH69: 8.04 | DI69: 0.839 | DJ69: 8.879 | DK69: 19.14 | DL69: 8.297 | DM69: 27.438 | DN69: 4.676 | DO69: 18.498 | DP69: 23.174 | DQ69: 699.069 | DR69: 326.681 | DS69: 1025.75 | DT69: 0 | DU69: 23.186 | DV69: 23.186 | DW69: HIGH | DX69: HIGH | DY69: HIGH | DZ69: HIGH | EA69: 1143.837 | EB69: =IF(EA69<510,"low","high") -> high | EC69: 748.391 | ED69: 250.506 | EE69: 473.672 | EF69: HIGH | EG69: HIGH | EH69: HIGH | EI69: HIGH | EJ69: High | EK69: Never | EL69: No | EM69: Never | EN69: Plausible_reporter | EO69: Plausible_reporter
... A71: MI_070 | B71: Medellín | C71: Female | D71: 62 | E71: 41-60 | F71: 87.5 | G71: 44 | H71: Normal | I71: 30 | J71: 82 | K71: 156 | L71: 152 | M71: 3.5454545 | N71: =LOG10(L71/G71) -> 0.53839091 | O71: =IF(N71<0.1,"Low", IF(N71<=0.26, "Medium", "High")) -> High | P71: 137.3 | Q71: 1.63 | R71: 105 | S71: 5.91 | T71: 10.7 | U71: 3.97 | V71: 2.6952141 | W71: 15.68 | X71: 5.8275 | Y71: 114.5 | Z71: 134.73684 | AA71: 48 | AB71: 24.623749 | AC71: 4.06112 | AD71: 0.3105141 | AE71: 76.1 | AF71: 1.595 | AG71: 29.913228 | AH71: Overweight | AI71: 42.858388 | AJ71: 95.9 | AK71: Central.Obesity | AL71: Abdominal obesity | AM71: No | AN71: No | AO71: Vigorous | AP71: 126 | AQ71: 83 | AR71: 2024.14 | AS71: 16.5743 | AT71: 873.672 | AU71: 1231.97 | AV71: 14.4951 | AW71: 1353.14 | AX71: 4169.29 | AY71: 264.53 | AZ71: 11.5093 | BA71: 1.25643 | BB71: 3.26503 | BC71: 739.511 | BD71: 0.883688 | BE71: 2.30929 | BF71: 19.348 | BG71: 5.13946 | BH71: 1.55245 | BI71: 304.541 | BJ71: 7.51046 | BK71: 188.002 | BL71: 4.2661175 | BM71: 1.219588 | BN71: 0.67360994 | BO71: 0.020418598 | BP71: Abnormal | BQ71: TRUE | BR71: TRUE | BS71: TRUE | BT71: TRUE | BU71: FALSE | BV71: TRUE | BW71: 17.012102 | BX71: 5.5066183 | BY71: 5.6768839 | BZ71: 2.1404937 | CA71: 4.3685466 | CB71: -0.03522797 | CC71: -0.017405124 | CD71: =IF(CC71<=_xlfn.PERCENTILE.EXC(CC$2:CC$312, 1/3), "Low", IF(CC71<=_xlfn.PERCENTILE.EXC(CC$2:CC$312, 2/3), "Medium", "High")) -> Medium | CE71: =IF(CC71<MEDIAN(CC71:CC508),"antiinflamatoria","proinflamatoria") -> antiinflamatoria | CF71: 42.736184 | CG71: High-fat | CH71: 0.1263253 | CI71: 0.37004206 | CJ71: 0.39534884 | CK71: 0.017137692 | CL71: 0.008308131 | CM71: 1757.517 | CN71: =IF(CM71>1000, "High","low") -> High | CO71: 1352.379 | CP71: 935.637 | CQ71: 416.741 | CR71: 299.871 | CS71: 1039.169 | CT71: 6.816 | CU71: 0 | CV71: 6.816 | CW71: 0 | CX71: 6.522 | CY71: 6.522 | CZ71: 0 | DA71: 0.693 | DB71: 226.506 | DC71: 0 | DD71: 43.017 | DE71: 0.205 | DF71: 1.464 | DG71: 1.669 | DH71: 0.048 | DI71: 0.143 | DJ71: 0.191 | DK71: 17.461 | DL71: 11.029 | DM71: 28.49 | DN71: 66.817 | DO71: 50.228 | DP71: 117.045 | DQ71: 574.73 | DR71: 347.317 | DS71: 922.047 | DT71: 0 | DU71: 6.522 | DV71: 6.522 | DW71: HIGH | DX71: HIGH | DY71: HIGH | DZ71: HIGH | EA71: 868.278 | EB71: =IF(EA71<510,"low","high") -> high | EC71: 668.125 | ED71: 148.147 | EE71: 513.388 | EF71: HIGH | EG71: HIGH | EH71: HIGH | EI71: HIGH | EJ71: High | EK71: Never | EL71: No | EM71: Never | EN71: Plausible_reporter | EO71: Plausible_reporter
A72: MI_071 | B72: Medellín | C72: Female | D72: 29 | E72: 18-40 | F72: 87.3 | G72: 47 | H72: Normal | I72: 24 | J72: 120 | K72: 191 | L72: 118 | M72: 4.0638298 | N72: =LOG10(L72/G72) -> 0.39978415 | O72: =IF(N72<0.1,"Low", IF(N72<=0.26, "Medium", "High")) -> High | P72: 132.4 | Q72: 0.77 | R72: 78 | S72: 4.83 | T72: 9.54 | U72: 8.87 | V72: 1.0755355 | W72: 7.94 | X72: 4.329 | Y72: 129.6 | Z72: 191.55609 | AA72: 100.9 | AB72: 65.459763 | AC72: 1.527656 | AD72: 0.35767357 | AE72: 86.4 | AF72: 1.634 | AG72: 32.360084 | AH72: Obesity | AI72: 38.7951 | AJ72: 101.8 | AK72: Central.Obesity | AL72: Abdominal obesity | AM72: No | AN72: Yes | AO72: Vigorous | AP72: 114 | AQ72: 73 | AR72: 1704.31 | AS72: 13.9451 | AT72: 412.292 | AU72: 791.609 | AV72: 11.2963 | AW72: 927.249 | AX72: 2666.36 | AY72: 214.723 | AZ72: 9.36969 | BA72: 0.944573 | BB72: 3.30926 | BC72: 735.141 | BD72: 0.694333 | BE72: 1.25184 | BF72: 10.6462 | BG72: 3.89988 | BH72: 0.864905 | BI72: 315.665 | BJ72: 6.99627 | BK72: 131.196 | BL72: 16.937956 | BM72: 1.2491348 | BN72: 0.68835377 | BO72: 0.06553405 | BP72: Healthy | BQ72: FALSE | BR72: FALSE | BS72: TRUE | BT72: FALSE | BU72: FALSE | BV72: FALSE | BW72: NA | BX72: NA | BY72: NA | BZ72: NA | CA72: NA | CB72: 1.3453838 | CC72: 0.7895445 | CD72: =IF(CC72<=_xlfn.PERCENTILE.EXC(CC$2:CC$312, 1/3), "Low", IF(CC72<=_xlfn.PERCENTILE.EXC(CC$2:CC$312, 2/3), "Medium", "High")) -> High | CE72: =IF(CC72<MEDIAN(CC72:CC509),"antiinflamatoria","proinflamatoria") -> proinflamatoria | CF72: 43.897839 | CG72: High-fat | CH72: 0.025964527 | CI72: 0.34425855 | CJ72: 0.004982629 | CK72: 0.13951362 | CL72: 0.23971476 | CM72: 747.787 | CN72: =IF(CM72>1000, "High","low") -> low | CO72: 610.717 | CP72: 601.523 | CQ72: 9.193 | CR72: 597.977 | CS72: 12.574 | CT72: 0.139 | CU72: 0 | CV72: 0.139 | CW72: 0 | CX72: 0.026 | CY72: 0.026 | CZ72: 0 | DA72: 0.105 | DB72: 0 | DC72: 0 | DD72: 318.277 | DE72: 0.036 | DF72: 0 | DG72: 0.036 | DH72: 1.007 | DI72: 0 | DJ72: 1.007 | DK72: 278.439 | DL72: 0.196 | DM72: 278.635 | DN72: 0.107 | DO72: 4.08 | DP72: 4.188 | DQ72: 3.496 | DR72: 4.891 | DS72: 8.386 | DT72: 0 | DU72: 0.026 | DV72: 0.026 | DW72: MEDIUM | DX72: MEDIUM | DY72: HIGH | DZ72: LOW | EA72: 438.762 | EB72: =IF(EA72<510,"low","high") -> low | EC72: 358.337 | ED72: 350.862 | EE72: 7.378 | EF72: MEDIUM | EG72: MEDIUM | EH72: HIGH | EI72: LOW | EJ72: High | EK72: Moderate drinker | EL72: No | EM72: Never | EN72: Plausible_reporter | EO72: Plausible_reporter
A73: MI_072 | B73: Medellín | C73: Female | D73: 54 | E73: 41-60 | F73: 69.1 | G73: 44 | H73: Normal | I73: 29 | J73: 63 | K73: 136 | L73: 143 | M73: 3.0909091 | N73: =LOG10(L73/G73) -> 0.51188336 | O73: =IF(N73<0.1,"Low", IF(N73<=0.26, "Medium", "High")) -> High | P73: 142.9 | Q73: 4.76 | R73: 139 | S73: 7.41 | T73: 10.6 | U73: 3.01 | V73: 3.5215947 | W73: 31.32 | X73: 7.7145 | Y73: 111.9 | Z73: 148.62973 | AA73: 23.2 | AB73: 9.3122147 | AC73: 10.738584 | AD73: 0.27451661 | AE73: 70.5 | AF73: 1.469 | AG73: 32.669729 | AH73: Obesity | AI73: 45.331976 | AJ73: 99.9 | AK73: Central.Obesity | AL73: Abdominal obesity | AM73: No | AN73: Yes | AO73: Moderate | AP73: 138 | AQ73: 88 | AR73: 1359.92 | AS73: 14.6896 | AT73: 751.322 | AU73: 1014.05 | AV73: 11.1684 | AW73: 1113.82 | AX73: 3179.29 | AY73: 191.656 | AZ73: 9.84375 | BA73: 1.44619 | BB73: 2.63337 | BC73: 770.245 | BD73: 1.07896 | BE73: 1.60493 | BF73: 16.3551 | BG73: 4.1997 | BH73: 2.14786 | BI73: 270.499 | BJ73: 7.01511 | BK73: 140.707 | BL73: 5.0511733 | BM73: 0.83988923 | BN73: 0.27900684 | BO73: 0.026250047 | BP73: Abnormal | BQ73: TRUE | BR73: FALSE | BS73: TRUE | BT73: TRUE | BU73: TRUE | BV73: TRUE | BW73: 22.091767 | BX73: 11.061507 | BY73: 7.6133465 | BZ73: 2.4520198 | CA73: 5.9239407 | CB73: 0.14203057 | CC73: 0.10443424 | CD73: =IF(CC73<=_xlfn.PERCENTILE.EXC(CC$2:CC$312, 1/3), "Low", IF(CC73<=_xlfn.PERCENTILE.EXC(CC$2:CC$312, 2/3), "Medium", "High")) -> Medium | CE73: =IF(CC73<MEDIAN(CC73:CC510),"antiinflamatoria","proinflamatoria") -> proinflamatoria | CF73: 46.590591 | CG73: High-fat | CH73: 0.13121049 | CI73: 0.22992852 | CJ73: 0.064187393 | CK73: 0.010663437 | CL73: 0.21255982 | CM73: 549.752 | CN73: =IF(CM73>1000, "High","low") -> low | CO73: 340.402 | CP73: 300.542 | CQ73: 39.861 | CR73: 250.407 | CS73: 80.938 | CT73: 0.575 | CU73: 0 | CV73: 0.575 | CW73: 0.026 | CX73: 8.457 | CY73: 8.483 | CZ73: 0 | DA73: 0.298 | DB73: 1.606 | DC73: 0 | DD73: 216.833 | DE73: 0.103 | DF73: 0.732 | DG73: 0.834 | DH73: 2.968 | DI73: 0.499 | DJ73: 3.467 | DK73: 12.633 | DL73: 5.73 | DM73: 18.363 | DN73: 1.988 | DO73: 4.179 | DP73: 6.167 | DQ73: 54.502 | DR73: 20.261 | DS73: 74.763 | DT73: 0.026 | DU73: 8.457 | DV73: 8.483 | DW73: LOW | DX73: LOW | DY73: HIGH | DZ73: LOW | EA73: 404.253 | EB73: =IF(EA73<510,"low","high") -> low | EC73: 250.311 | ED73: 184.134 | EE73: 59.517 | EF73: MEDIUM | EG73: MEDIUM | EH73: HIGH | EI73: MEDIUM | EJ73: Moderate | EK73: Moderate drinker | EL73: No | EM73: Never | EN73: Under_reporter | EO73: Under_reporter
A74: MI_073 | B74: Medellín | C74: Men | D74: 24 | E74: 18-40 | F74: 98.2 | G74: 50 | H74: Normal | I74: 24 | J74: 108 | K74: 182 | L74: 119 | M74: 3.64 | N74: =LOG10(L74/G74) -> 0.37657696 | O74: =IF(N74<0.1,"Low", IF(N74<=0.26, "Medium", "High")) -> High | P74: 146 | Q74: 0.5 | R74: 84 | S74: 5.29 | T74: 0.47 | U74: 9.24 | V74: 0.050865801 | W74: 7.37 | X74: 4.662 | Y74: 106.3 | Z74: 126.85026 | AA74: 106.3 | AB74: 65.48514 | AC74: 1.527064 | AD74: 0.3576951 | AE74: 56.1 | AF74: 1.643 | AG74: 20.782019 | AH74: Normal | AI74: 26.256908 | AJ74: 71.7 | AK74: Normal | AL74: Normal | AM74: No | AN74: Yes | AO74: Vigorous | AP74: 118 | AQ74: 85 | AR74: 2302.53 | AS74: 18.5189 | AT74: 639.148 | AU74: 1139.98 | AV74: 15.0532 | AW74: 1639.53 | AX74: 3682.73 | AY74: 290.21 | AZ74: 11.0452 | BA74: 2.31695 | BB74: 3.35185 | BC74: 953.83 | BD74: 1.5672 | BE74: 2.39257 | BF74: 21.5602 | BG74: 6.35584 | BH74: 2.42277 | BI74: 434.379 | BJ74: 7.27232 | BK74: 226.718 | BL74: 6.9979967 | BM74: 1.3632275 | BN74: 0.38274836 | BO74: 0.014579487 | BP74: Healthy | BQ74: TRUE | BR74: FALSE | BS74: FALSE | BT74: FALSE | BU74: FALSE | BV74: FALSE | BW74: 25.429614 | BX74: 8.0738801 | BY74: 9.4696312 | BZ74: 2.7608294 | CA74: 4.4887931 | CB74: -1.2598515 | CC74: -0.54704798 | CD74: =IF(CC74<=_xlfn.PERCENTILE.EXC(CC$2:CC$312, 1/3), "Low", IF(CC74<=_xlfn.PERCENTILE.EXC(CC$2:CC$312, 2/3), "Medium", "High")) -> Low | CE74: =IF(CC74<MEDIAN(CC74:CC511),"antiinflamatoria","proinflamatoria") -> antiinflamatoria | CF74: 18.170153 | CG74: Normal | CH74: 0.000494428 | CI74: 0.91058457 | CJ74: 0.025862397 | CK74: 0.012360704 | CL74: 0.001863614 | CM74: 1242.365 | CN74: =IF(CM74>1000, "High","low") -> High | CO74: 276.428 | CP74: 196.244 | CQ74: 80.184 | CR74: 147.759 | CS74: 96.373 | CT74: 0.009 | CU74: 0 | CV74: 0.009 | CW74: 0 | CX74: 32.287 | CY74: 32.287 | CZ74: 0 | DA74: 0 | DB74: 0 | DC74: 0 | DD74: 147.156 | DE74: 0 | DF74: 0 | DG74: 0 | DH74: 0 | DI74: 0.102 | DJ74: 0.102 | DK74: 0 | DL74: 0.5 | DM74: 0.5 | DN74: 3.259 | DO74: 3.414 | DP74: 6.673 | DQ74: 45.799 | DR74: 43.859 | DS74: 89.658 | DT74: 0 | DU74: 32.287 | DV74: 32.287 | DW74: MEDIUM | DX74: LOW | DY74: MEDIUM | DZ74: LOW | EA74: 539.565 | EB74: =IF(EA74<510,"low","high") -> high | EC74: 120.054 | ED74: 64.172 | EE74: 41.855 | EF74: MEDIUM | EG74: LOW | EH74: MEDIUM | EI74: LOW | EJ74: High | EK74: Moderate drinker | EL74: No | EM74: Never | EN74: Plausible_reporter | EO74: Plausible_reporter
A75: MI_074 | B75: Medellín | C75: Men | D75: 38 | E75: 18-40 | F75: 91.1 | G75: 36 | H75: Low | I75: 54 | J75: 71 | K75: 161 | L75: 268 | M75: 4.4722222 | N75: =LOG10(L75/G75) -> 0.87183229 | O75: =IF(N75<0.1,"Low", IF(N75<=0.26, "Medium", "High")) -> High | P75: 154.7 | Q75: 3.13 | R75: 97 | S75: 5.65 | T75: 5.6 | U75: 1.27 | V75: 4.4094488 | W75: 27.66 | X75: 5.3835 | Y75: 197.2 | Z75: 293.70852 | AA75: 28.3 | AB75: 15.11004 | AC75: 6.618116 | AD75: 0.29132825 | AE75: 84.2 | AF75: 1.577 | AG75: 33.857018 | AH75: Obesity | AI75: 39.825344 | AJ75: 109 | AK75: Central.Obesity | AL75: Abdominal obesity | AM75: No | AN75: Yes | AO75: Vigorous | AP75: 145 | AQ75: 80 | AR75: 3004.07 | AS75: 27.3151 | AT75: 679.287 | AU75: 1407.63 | AV75: 16.2992 | AW75: 1902.38 | AX75: 5080.34 | AY75: 379.548 | AZ75: 11.0688 | BA75: 3.4737 | BB75: 3.90353 | BC75: 1022.16 | BD75: 1.86087 | BE75: 2.77246 | BF75: 27.0194 | BG75: 7.31949 | BH75: 2.29687 | BI75: 442.339 | BJ75: 7.17846 | BK75: 227.984 | BL75: 8.543267 | BM75: 3.1451285 | BN75: 1.2389432 | BO75: 0.064617584 | BP75: Abnormal | BQ75: TRUE | BR75: TRUE | BS75: TRUE | BT75: FALSE | BU75: TRUE | BV75: TRUE | BW75: 26.085083 | BX75: 22.170165 | BY75: 11.193756 | BZ75: 8.3649438 | CA75: 4.3981457 | CB75: -1.5067336 | CC75: -0.50157577 | CD75: =IF(CC75<=_xlfn.PERCENTILE.EXC(CC$2:CC$312, 1/3), "Low", IF(CC75<=_xlfn.PERCENTILE.EXC(CC$2:CC$312, 2/3), "Medium", "High")) -> Low | CE75: =IF(CC75<MEDIAN(CC75:CC512),"antiinflamatoria","proinflamatoria") -> antiinflamatoria | CF75: 35.06422 | CG75: High-fat | CH75: 0.25129983 | CI75: 0.28137878 | CJ75: 0.18490275 | CK75: 0.014885423 | CL75: 0.12037358 | CM75: 1030.896 | CN75: =IF(CM75>1000, "High","low") -> High | CO75: 426.921 | CP75: 319.629 | CQ75: 107.293 | CR75: 16.703 | CS75: 385.961 | CT75: 0 | CU75: 0 | CV75: 0 | CW75: 0 | CX75: 24.257 | CY75: 24.257 | CZ75: 0 | DA75: 0 | DB75: 0 | DC75: 0 | DD75: 8.945 | DE75: 0.575 | DF75: 0.544 | DG75: 1.119 | DH75: 0.001 | DI75: 1.78 | DJ75: 1.781 | DK75: 2.775 | DL75: 2.083 | DM75: 4.858 | DN75: 0.617 | DO75: 13.081 | DP75: 13.697 | DQ75: 306.695 | DR75: 65.526 | DS75: 372.221 | DT75: 0 | DU75: 24.257 | DV75: 24.257 | DW75: MEDIUM | DX75: MEDIUM | DY75: LOW | DZ75: MEDIUM | EA75: 343.166 | EB75: =IF(EA75<510,"low","high") -> low | EC75: 142.114 | ED75: 5.56 | EE75: 128.479 | EF75: LOW | EG75: LOW | EH75: LOW | EI75: MEDIUM | EJ75: High | EK75: Moderate drinker | EL75: No | EM75: Never | EN75: Over_reporter | EO75: Over_reporter
A76: MI_075 | B76: Medellín | C76: Female | D76: 53 | E76: 41-60 | F76: 95.6 | G76: 54 | H76: Normal | I76: 32 | J76: 110 | K76: 196 | L76: 161 | M76: 3.6296296 | N76: =LOG10(L76/G76) -> 0.47443212 | O76: =IF(N76<0.1,"Low", IF(N76<=0.26, "Medium", "High")) -> High | P76: 51.7 | Q76: 4.09 | R76: 91 | S76: 5.82 | T76: 7.88 | U76: 7.5 | V76: 1.0506667 | W76: 13.61 | X76: 5.0505 | Y76: 137.2 | Z76: 175.55627 | AA76: 57 | AB76: 32.733317 | AC76: 3.0549913 | AD76: 0.32291087 | AE76: 78.5 | AF76: 1.648 | AG76: 28.90382 | AH76: Overweight | AI76: 42.586327 | AJ76: 99 | AK76: Central.Obesity | AL76: Abdominal obesity | AM76: No | AN76: No | AO76: Vigorous | AP76: 124 | AQ76: 88 | AR76: 2191.45 | AS76: 25.9715 | AT76: 675.894 | AU76: 960.118 | AV76: 13.3916 | AW76: 1813.54 | AX76: 3749.03 | AY76: 272.105 | AZ76: 10.3011 | BA76: 2.02794 | BB76: 2.92943 | BC76: 947.799 | BD76: 1.44818 | BE76: 1.80836 | BF76: 14.7877 | BG76: 5.21493 | BH76: 2.16815 | BI76: 403.996 | BJ76: 7.03943 | BK76: 249.051 | BL76: 4.837245 | BM76: 1.2860419 | BN76: 0.73463638 | BO76: 0.046372549 | BP76: Abnormal | BQ76: TRUE | BR76: TRUE | BS76: TRUE | BT76: FALSE | BU76: TRUE | BV76: TRUE | BW76: 23.825724 | BX76: 9.2641677 | BY76: 2.5709582 | BZ76: 5.6449429 | CA76: 6.9757382 | CB76: -1.4152271 | CC76: -0.64592746 | CD76: =IF(CC76<=_xlfn.PERCENTILE.EXC(CC$2:CC$312, 1/3), "Low", IF(CC76<=_xlfn.PERCENTILE.EXC(CC$2:CC$312, 2/3), "Medium", "High")) -> Low | CE76: =IF(CC76<MEDIAN(CC76:CC513),"antiinflamatoria","proinflamatoria") -> antiinflamatoria | CF76: 42.707071 | CG76: High-fat | CH76: 0.14262906 | CI76: 0.26853823 | CJ76: 0.24840341 | CK76: 0.0262551 | CL76: 0.056723434 | CM76: 1020.057 | CN76: =IF(CM76>1000, "High","low") -> High | CO76: 504.072 | CP76: 307.846 | CQ76: 196.226 | CR76: 281.214 | CS76: 167.208 | CT76: 9.511 | CU76: 0 | CV76: 9.511 | CW76: 0 | CX76: 46.139 | CY76: 46.139 | CZ76: 0 | DA76: 0.469 | DB76: 0 | DC76: 0 | DD76: 29.169 | DE76: 151.922 | DF76: 56.87 | DG76: 208.792 | DH76: 27.833 | DI76: 0.949 | DJ76: 28.782 | DK76: 10.149 | DL76: 4.303 | DM76: 14.452 | DN76: 1.822 | DO76: 7.582 | DP76: 9.405 | DQ76: 77.4 | DR76: 80.362 | DS76: 157.761 | DT76: 0 | DU76: 46.139 | DV76: 46.139 | DW76: MEDIUM | DX76: MEDIUM | DY76: HIGH | DZ76: MEDIUM | EA76: 465.471 | EB76: =IF(EA76<510,"low","high") -> low | EC76: 230.018 | ED76: 128.323 | EE76: 76.3 | EF76: MEDIUM | EG76: MEDIUM | EH76: MEDIUM | EI76: MEDIUM | EJ76: High | EK76: Never | EL76: No | EM76: Never | EN76: Plausible_reporter | EO76: Plausible_reporter
A77: MI_076 | B77: Medellín | C77: Men | D77: 40 | E77: 18-40 | F77: 98.5 | G77: 52 | H77: Normal | I77: 22 | J77: 105 | K77: 179 | L77: 108 | M77: 3.4423077 | N77: =LOG10(L77/G77) -> 0.31742041 | O77: =IF(N77<0.1,"Low", IF(N77<=0.26, "Medium", "High")) -> High | P77: 96.1 | Q77: 1.52 | R77: 71 | S77: 5.91 | T77: 9.47 | U77: 5.33 | V77: 1.7767355 | W77: 10.9 | X77: 3.9405 | Y77: 193.4 | Z77: 494.89217 | AA77: 76 | AB77: 52.384727 | AC77: 1.9089533 | AD77: 0.34570793 | AE77: 113.1 | AF77: 1.684 | AG77: 39.882138 | AH77: Obesity | AI77: 45.370686 | AJ77: 125.6 | AK77: Central.Obesity | AL77: Abdominal obesity | AM77: No | AN77: Yes | AO77: Vigorous | AP77: 129 | AQ77: 89 | AR77: 2149.79 | AS77: 13.1254 | AT77: 309.589 | AU77: 1100.05 | AV77: 13.5955 | AW77: 995.633 | AX77: 2425.14 | AY77: 230.374 | AZ77: 11.2373 | BA77: 1.01469 | BB77: 2.95446 | BC77: 628.769 | BD77: 0.813361 | BE77: 1.59885 | BF77: 26.642 | BG77: 4.71488 | BH77: 1.6397 | BI77: 295.127 | BJ77: 7.3836 | BK77: 92.9817 | BL77: 14.417539 | BM77: 4.6068585 | BN77: 1.5779289 | BO77: 0.076606061 | BP77: Healthy | BQ77: TRUE | BR77: FALSE | BS77: FALSE | BT77: FALSE | BU77: FALSE | BV77: FALSE | BW77: 29.20985 | BX77: 19.640064 | BY77: 10.472241 | BZ77: 4.9420715 | CA77: 3.5087324 | CB77: 1.2058646 | CC77: 0.56086727 | CD77: =IF(CC77<=_xlfn.PERCENTILE.EXC(CC$2:CC$312, 1/3), "Low", IF(CC77<=_xlfn.PERCENTILE.EXC(CC$2:CC$312, 2/3), "Medium", "High")) -> High | CE77: =IF(CC77<MEDIAN(CC77:CC514),"antiinflamatoria","proinflamatoria") -> proinflamatoria | CF77: 37.184713 | CG77: High-fat | CH77: 0.17718834 | CI77: 0.38583568 | CJ77: 0.026397274 | CK77: 0.041681395 | CL77: 0.12044905 | CM77: 450.386 | CN77: =IF(CM77>1000, "High","low") -> low | CO77: 223.831 | CP77: 142.25 | CQ77: 81.581 | CR77: 115.914 | CS77: 86.501 | CT77: 2.754 | CU77: 0 | CV77: 2.754 | CW77: 0 | CX77: 18.661 | CY77: 18.661 | CZ77: 0 | DA77: 2.753 | DB77: 79.756 | DC77: 0 | DD77: 22.787 | DE77: 0.082 | DF77: 1.135 | DG77: 1.217 | DH77: 0 | DI77: 0.09 | DJ77: 0.09 | DK77: 8.349 | DL77: 3.693 | DM77: 12.042 | DN77: 23.37 | DO77: 18.476 | DP77: 41.846 | DQ77: 5.111 | DR77: 39.509 | DS77: 44.62 | DT77: 0 | DU77: 18.661 | DV77: 18.661 | DW77: LOW | DX77: LOW | DY77: MEDIUM | DZ77: LOW | EA77: 209.502 | EB77: =IF(EA77<510,"low","high") -> low | EC77: 104.118 | ED77: 53.919 | EE77: 40.237 | EF77: LOW | EG77: LOW | EH77: MEDIUM | EI77: LOW | EJ77: High | EK77: Moderate drinker | EL77: No | EM77: Never | EN77: Plausible_reporter | EO77: Plausible_reporter
A78: MI_077 | B78: Medellín | C78: Men | D78: 60 | E78: 41-60 | F78: 99.7 | G78: 33 | H78: Low | I78: 44 | J78: 86 | K78: 163 | L78: 222 | M78: 4.9393939 | N78: =LOG10(L78/G78) -> 0.82783903 | O78: =IF(N78<0.1,"Low", IF(N78<=0.26, "Medium", "High")) -> High | P78: 150 | Q78: 1.76 | R78: 84 | S78: 5.05 | T78: 5.06 | U78: 1.52 | V78: 3.3289474 | W78: 16.88 | X78: 4.662 | Y78: 185.8 | Z78: 290.53356 | AA78: 47.3 | AB78: 28.591557 | AC78: 3.497536 | AD78: 0.31689875 | AE78: 90.7 | AF78: 1.811 | AG78: 27.654791 | AH78: Overweight | AI78: 38.667577 | AJ78: 103.8 | AK78: Central.Obesity | AL78: Abdominal obesity | AM78: No | AN78: Yes | AO78: Vigorous | AP78: 129 | AQ78: 84 | AR78: 1914.69 | AS78: 15.8014 | AT78: 734.188 | AU78: 1158.91 | AV78: 16.3267 | AW78: 1632.91 | AX78: 3253.88 | AY78: 235.619 | AZ78: 11.329 | BA78: 1.30625 | BB78: 4.727 | BC78: 989.591 | BD78: 1.4501 | BE78: 2.60395 | BF78: 37.3881 | BG78: 4.88677 | BH78: 3.21895 | BI78: 401.372 | BJ78: 7.28185 | BK78: 166.172 | BL78: 11.202514 | BM78: 2.8375033 | BN78: 1.4719222 | BO78: 0.096047196 | BP78: Abnormal | BQ78: FALSE | BR78: TRUE | BS78: TRUE | BT78: FALSE | BU78: FALSE | BV78: TRUE | BW78: 37.024231 | BX78: 19.05539 | BY78: 13.609539 | BZ78: 5.825994 | CA78: 5.150663 | CB78: -1.3836656 | CC78: -0.72254077 | CD78: =IF(CC78<=_xlfn.PERCENTILE.EXC(CC$2:CC$312, 1/3), "Low", IF(CC78<=_xlfn.PERCENTILE.EXC(CC$2:CC$312, 2/3), "Medium", "High")) -> Low | CE78: =IF(CC78<MEDIAN(CC78:CC515),"antiinflamatoria","proinflamatoria") -> antiinflamatoria | CF78: 29.105973 | CG78: High-fat | CH78: 0.18482601 | CI78: 0.14953957 | CJ78: 0.20198028 | CK78: 0.030274631 | CL78: 0.15817782 | CM78: 1523.736 | CN78: =IF(CM78>1000, "High","low") -> High | CO78: 484.034 | CP78: 402.334 | CQ78: 81.7 | CR78: 252.037 | CS78: 207.505 | CT78: 9.902 | CU78: 0 | CV78: 9.902 | CW78: 0.07 | CX78: 14.52 | CY78: 14.59 | CZ78: 0 | DA78: 4.207 | DB78: 31.902 | DC78: 0 | DD78: 187.681 | DE78: 0 | DF78: 8.344 | DG78: 8.344 | DH78: 7.224 | DI78: 0.585 | DJ78: 7.809 | DK78: 9.493 | DL78: 3.801 | DM78: 13.294 | DN78: 9.515 | DO78: 13.8 | DP78: 23.316 | DQ78: 143.542 | DR78: 40.647 | DS78: 184.189 | DT78: 0.07 | DU78: 14.52 | DV78: 14.59 | DW78: HIGH | DX78: MEDIUM | DY78: HIGH | DZ78: MEDIUM | EA78: 795.814 | EB78: =IF(EA78<510,"low","high") -> high | EC78: 252.8 | ED78: 131.633 | EE78: 108.375 | EF78: HIGH | EG78: MEDIUM | EH78: MEDIUM | EI78: MEDIUM | EJ78: High | EK78: Moderate drinker | EL78: No | EM78: Never | EN78: Plausible_reporter | EO78: Plausible_reporter
A79: MI_078 | B79: Medellín | C79: Men | D79: 28 | E79: 18-40 | F79: 139 | G79: 34 | H79: Low | I79: 88 | J79: NA | K79: 262 | L79: 440 | M79: 7.7058824 | N79: =LOG10(L79/G79) -> 1.1119738 | O79: =IF(N79<0.1,"Low", IF(N79<=0.26, "Medium", "High")) -> High | P79: 369.8 | Q79: 2.15 | R79: 98 | S79: 5.41 | T79: 5.85 | U79: 2.26 | V79: 2.5884956 | W79: 55.94 | X79: 5.439 | Y79: 314.7 | Z79: 576.99845 | AA79: 14.7 | AB79: 7.395048 | AC79: 13.522563 | AD79: 0.26717402 | AE79: 96.2 | AF79: 1.747 | AG79: 31.520222 | AH79: Obesity | AI79: 41.9275 | AJ79: 105.1 | AK79: Central.Obesity | AL79: Abdominal obesity | AM79: Yes | AN79: No | AO79: Light | AP79: 131 | AQ79: 79 | AR79: 2192.06 | AS79: 13.4364 | AT79: 507.849 | AU79: 956.733 | AV79: 13.7371 | AW79: 1186 | AX79: 2811.48 | AY79: 216.112 | AZ79: 9.75807 | BA79: 1.30631 | BB79: 2.79842 | BC79: 810.354 | BD79: 1.04146 | BE79: 1.73416 | BF79: 16.6256 | BG79: 5.41761 | BH79: 1.11314 | BI79: 312.694 | BJ79: 7.05874 | BK79: 170.111 | BL79: 2.3347831 | BM79: 1.0697684 | BN79: 0.32860532 | BO79: 0.024107628 | BP79: Abnormal | BQ79: TRUE | BR79: TRUE | BS79: TRUE | BT79: FALSE | BU79: FALSE | BV79: TRUE | BW79: 16.883398 | BX79: 19.160561 | BY79: 11.68112 | BZ79: 5.0069495 | CA79: 10.720853 | CB79: 0.91242515 | CC79: 0.41625235 | CD79: =IF(CC79<=_xlfn.PERCENTILE.EXC(CC$2:CC$312, 1/3), "Low", IF(CC79<=_xlfn.PERCENTILE.EXC(CC$2:CC$312, 2/3), "Medium", "High")) -> High | CE79: =IF(CC79<MEDIAN(CC79:CC516),"antiinflamatoria","proinflamatoria") -> proinflamatoria | CF79: 30.755471 | CG79: High-fat | CH79: 0.000614817 | CI79: 0.42355774 | CJ79: 0.23567989 | CK79: 0.12070909 | CL79: 0.001895686 | CM79: 539.02 | CN79: =IF(CM79>1000, "High","low") -> low | CO79: 248.585 | CP79: 215.121 | CQ79: 33.464 | CR79: 51.145 | CS79: 192.141 | CT79: 0.115 | CU79: 0 | CV79: 0.115 | CW79: 0 | CX79: 5.184 | CY79: 5.184 | CZ79: 0 | DA79: 0 | DB79: 0 | DC79: 0 | DD79: 8.484 | DE79: 0 | DF79: 0 | DG79: 0 | DH79: 0 | DI79: 0.004 | DJ79: 0.004 | DK79: 42.556 | DL79: 0.101 | DM79: 42.657 | DN79: 0.118 | DO79: 0.501 | DP79: 0.619 | DQ79: 163.839 | DR79: 27.665 | DS79: 191.504 | DT79: 0 | DU79: 5.184 | DV79: 5.184 | DW79: LOW | DX79: LOW | DY79: LOW | DZ79: MEDIUM | EA79: 245.896 | EB79: =IF(EA79<510,"low","high") -> low | EC79: 113.402 | ED79: 23.332 | EE79: 87.653 | EF79: LOW | EG79: LOW | EH79: LOW | EI79: MEDIUM | EJ79: Low | EK79: Never | EL79: Yes | EM79: Current | EN79: Plausible_reporter | EO79: Plausible_reporter
A80: MI_079 | B80: Medellín | C80: Female | D80: 52 | E80: 41-60 | F80: 90 | G80: 65 | H80: Normal | I80: 22 | J80: 74 | K80: 161 | L80: 109 | M80: 2.4769231 | N80: =LOG10(L80/G80) -> 0.22451314 | O80: =IF(N80<0.1,"Low", IF(N80<=0.26, "Medium", "High")) -> Medium | P80: 144.9 | Q80: 1.62 | R80: 86 | S80: 5.55 | T80: 20.2 | U80: 14.35 | V80: 1.4076655 | W80: 10.42 | X80: 4.773 | Y80: 128 | Z80: 163.70778 | AA80: 75.2 | AB80: 45.24008 | AC80: 2.2104293 | AD80: 0.33826107 | AE80: 77.6 | AF80: 1.516 | AG80: 33.764733 | AH80: Obesity | AI80: 44.751629 | AJ80: 104.4 | AK80: Central.Obesity | AL80: Abdominal obesity | AM80: No | AN80: No | AO80: Vigorous | AP80: 176 | AQ80: 104 | AR80: 2121.64 | AS80: 20.5792 | AT80: 740.635 | AU80: 1094.27 | AV80: 13.2734 | AW80: 1363.02 | AX80: 4134.93 | AY80: 233.763 | AZ80: 10.119 | BA80: 2.6833 | BB80: 3.11779 | BC80: 876.889 | BD80: 0.896004 | BE80: 1.45434 | BF80: 14.4802 | BG80: 4.90201 | BH80: 1.06729 | BI80: 326.113 | BJ80: 6.70459 | BK80: 216.435 | BL80: 6.1927279 | BM80: 1.9159376 | BN80: 1.0625132 | BO80: 0.13422314 | BP80: Healthy | BQ80: TRUE | BR80: FALSE | BS80: FALSE | BT80: FALSE | BU80: FALSE | BV80: FALSE | BW80: 10.629072 | BX80: 6.8852708 | BY80: 6.8133427 | BZ80: 3.1881291 | CA80: 7.1029735 | CB80: -0.20606061 | CC80: -0.097106792 | CD80: =IF(CC80<=_xlfn.PERCENTILE.EXC(CC$2:CC$312, 1/3), "Low", IF(CC80<=_xlfn.PERCENTILE.EXC(CC$2:CC$312, 2/3), "Medium", "High")) -> Medium | CE80: =IF(CC80<MEDIAN(CC80:CC517),"antiinflamatoria","proinflamatoria") -> antiinflamatoria | CF80: 46.957854 | CG80: High-fat | CH80: 0.019420445 | CI80: 0.56437801 | CJ80: 0.12994113 | CK80: 0.046448505 | CL80: 0.115911 | CM80: 1379.986 | CN80: =IF(CM80>1000, "High","low") -> High | CO80: 164.948 | CP80: 130.421 | CQ80: 34.527 | CR80: 49.855 | CS80: 101.091 | CT80: 3.192 | CU80: 0 | CV80: 3.192 | CW80: 0 | CX80: 10.811 | CY80: 10.811 | CZ80: 0 | DA80: 3.19 | DB80: 0 | DC80: 0 | DD80: 18.284 | DE80: 0 | DF80: 0 | DG80: 0 | DH80: 31.073 | DI80: 0.143 | DJ80: 31.217 | DK80: 0 | DL80: 0.354 | DM80: 0.354 | DN80: 0.262 | DO80: 4.927 | DP80: 5.189 | DQ80: 77.61 | DR80: 18.292 | DS80: 95.902 | DT80: 0 | DU80: 10.811 | DV80: 10.811 | DW80: HIGH | DX80: LOW | DY80: LOW | DZ80: LOW | EA80: 650.433 | EB80: =IF(EA80<510,"low","high") -> high | EC80: 77.746 | ED80: 23.498 | EE80: 47.647 | EF80: MEDIUM | EG80: LOW | EH80: LOW | EI80: LOW | EJ80: High | EK80: Never | EL80: No | EM80: Never | EN80: Plausible_reporter | EO80: Plausible_reporter
A81: MI_080 | B81: Medellín | C81: Female | D81: 43 | E81: 41-60 | F81: 127 | G81: 40 | H81: Normal | I81: 38 | J81: 168 | K81: 246 | L81: 192 | M81: 6.15 | N81: =LOG10(L81/G81) -> 0.68124124 | O81: =IF(N81<0.1,"Low", IF(N81<=0.26, "Medium", "High")) -> High | P81: 190.3 | Q81: 3.13 | R81: 77 | S81: 5.63 | T81: 10.1 | U81: 6.01 | V81: 1.6805324 | W81: 12.11 | X81: 4.2735 | Y81: 176.5 | Z81: 313.12217 | AA81: 66.9 | AB81: 43.476509 | AC81: 2.3000927 | AD81: 0.33629665 | AE81: 61 | AF81: 1.504 | AG81: 26.967095 | AH81: Overweight | AI81: 41.355409 | AJ81: 86.8 | AK81: Central.Obesity | AL81: Abdominal obesity | AM81: No | AN81: Yes | AO81: Vigorous | AP81: 126 | AQ81: 84 | AR81: 1983.77 | AS81: 17.8208 | AT81: 556.687 | AU81: 921.115 | AV81: 13.9138 | AW81: 1164.41 | AX81: 3342.14 | AY81: 247.853 | AZ81: 10.4427 | BA81: 1.40122 | BB81: 3.04899 | BC81: 913.108 | BD81: 0.920387 | BE81: 1.41535 | BF81: 12.1311 | BG81: 4.24308 | BH81: 1.6998 | BI81: 326.233 | BJ81: 7.06945 | BK81: 137.561 | BL81: 1.6237131 | BM81: 0.30367345 | BN81: 0.089292865 | BO81: 0.03686521 | BP81: Abnormal | BQ81: FALSE | BR81: TRUE | BS81: TRUE | BT81: FALSE | BU81: TRUE | BV81: FALSE | BW81: 14.074738 | BX81: 5.5537695 | BY81: 5.9823956 | BZ81: 3.3561567 | CA81: 3.8614556 | CB81: 0.22483585 | CC81: 0.11332452 | CD81: =IF(CC81<=_xlfn.PERCENTILE.EXC(CC$2:CC$312, 1/3), "Low", IF(CC81<=_xlfn.PERCENTILE.EXC(CC$2:CC$312, 2/3), "Medium", "High")) -> Medium | CE81: =IF(CC81<MEDIAN(CC81:CC518),"antiinflamatoria","proinflamatoria") -> proinflamatoria | CF81: 41.345622 | CG81: High-fat | CH81: 0.094730313 | CI81: 0.10790453 | CJ81: 0.084303184 | CK81: 0.35679683 | CL81: 0.19392096 | CM81: 1197.333 | CN81: =IF(CM81>1000, "High","low") -> High | CO81: 548.077 | CP81: 483.239 | CQ81: 64.837 | CR81: 482.244 | CS81: 44.971 | CT81: 1.768 | CU81: 0 | CV81: 1.768 | CW81: 0.093 | CX81: 18.999 | CY81: 19.092 | CZ81: 0 | DA81: 0.727 | DB81: 0 | DC81: 0 | DD81: 438.833 | DE81: 0.066 | DF81: 4.639 | DG81: 4.704 | DH81: 7.061 | DI81: 0.218 | DJ81: 7.278 | DK81: 25.472 | DL81: 5.886 | DM81: 31.357 | DN81: 0.391 | DO81: 6.3 | DP81: 6.691 | DQ81: 9.474 | DR81: 28.785 | DS81: 38.259 | DT81: 0.093 | DU81: 18.999 | DV81: 19.092 | DW81: MEDIUM | DX81: MEDIUM | DY81: HIGH | DZ81: LOW | EA81: 603.564 | EB81: =IF(EA81<510,"low","high") -> high | EC81: 276.28 | ED81: 243.095 | EE81: 22.67 | EF81: MEDIUM | EG81: MEDIUM | EH81: HIGH | EI81: LOW | EJ81: High | EK81: Moderate drinker | EL81: No | EM81: Never | EN81: Plausible_reporter | EO81: Plausible_reporter
A82: MI_081 | B82: Medellín | C82: Female | D82: 57 | E82: 41-60 | F82: 76.1 | G82: 69 | H82: Normal | I82: 14 | J82: 100 | K82: 183 | L82: 68 | M82: 2.6521739 | N82: =LOG10(L82/G82) -> -0.006340178 | O82: =IF(N82<0.1,"Low", IF(N82<=0.26, "Medium", "High")) -> Low | P82: 101.4 | Q82: 0.12 | R82: 79 | S82: 5.23 | T82: 0.61 | U82: 5.21 | V82: 0.11708253 | W82: 9.19 | X82: 4.3845 | Y82: 139.4 | Z82: 207.80102 | AA82: 87 | AB82: 55.840196 | AC82: 1.7908247 | AD82: 0.34905562 | AE82: 49.9 | AF82: 1.622 | AG82: 18.967009 | AH82: Normal | AI82: 29.649323 | AJ82: 65.2 | AK82: Normal | AL82: Normal | AM82: No | AN82: Yes | AO82: Vigorous | AP82: 90 | AQ82: 63 | AR82: 2234.5 | AS82: 12.8133 | AT82: 1351.14 | AU82: 1365.86 | AV82: 12.5719 | AW82: 2026.41 | AX82: 5119.24 | AY82: 300.25 | AZ82: 9.93784 | BA82: 1.76083 | BB82: 3.02413 | BC82: 1024.35 | BD82: 1.37919 | BE82: 2.47813 | BF82: 12.3378 | BG82: 5.86636 | BH82: 2.5829 | BI82: 344.752 | BJ82: 7.48587 | BK82: 163.752 | BL82: 0 | BM82: 0 | BN82: 0 | BO82: 0 | BP82: Abnormal | BQ82: TRUE | BR82: FALSE | BS82: TRUE | BT82: FALSE | BU82: FALSE | BV82: FALSE | BW82: 13.78914 | BX82: 4.2796488 | BY82: 6.3283254 | BZ82: 2.5497363 | CA82: 4.5393583 | CB82: 0.81011906 | CC82: 0.36246938 | CD82: =IF(CC82<=_xlfn.PERCENTILE.EXC(CC$2:CC$312, 1/3), "Low", IF(CC82<=_xlfn.PERCENTILE.EXC(CC$2:CC$312, 2/3), "Medium", "High")) -> High | CE82: =IF(CC82<MEDIAN(CC82:CC519),"antiinflamatoria","proinflamatoria") -> proinflamatoria | CF82: 26.245399 | CG82: Normal | CH82: 0.17477483 | CI82: 0.091164968 | CJ82: 0.030338943 | CK82: 0.19838824 | CL82: 0.15853875 | CM82: 1663.052 | CN82: =IF(CM82>1000, "High","low") -> High | CO82: 437.343 | CP82: 434.903 | CQ82: 2.44 | CR82: 426.348 | CS82: 5.519 | CT82: 5.372 | CU82: 0 | CV82: 5.372 | CW82: 0 | CX82: 0.104 | CY82: 0.104 | CZ82: 0 | DA82: 5.372 | DB82: 0 | DC82: 0 | DD82: 35.733 | DE82: 0 | DF82: 0 | DG82: 0 | DH82: 7.164 | DI82: 0 | DJ82: 7.164 | DK82: 383.45 | DL82: 0 | DM82: 383.45 | DN82: 0.035 | DO82: 0.269 | DP82: 0.304 | DQ82: 3.147 | DR82: 2.068 | DS82: 5.215 | DT82: 0 | DU82: 0.104 | DV82: 0.104 | DW82: HIGH | DX82: MEDIUM | DY82: HIGH | DZ82: LOW | EA82: 744.261 | EB82: =IF(EA82<510,"low","high") -> high | EC82: 195.723 | ED82: 190.802 | EE82: 2.47 | EF82: HIGH | EG82: MEDIUM | EH82: HIGH | EI82: LOW | EJ82: High | EK82: Moderate drinker | EL82: No | EM82: Never | EN82: Plausible_reporter | EO82: Plausible_reporter
A83: MI_082 | B83: Medellín | C83: Female | D83: 55 | E83: 41-60 | F83: 96.1 | G83: 45 | H83: Normal | I83: 40 | J83: 123 | K83: 208 | L83: 202 | M83: 4.6222222 | N83: =LOG10(L83/G83) -> 0.65213886 | O83: =IF(N83<0.1,"Low", IF(N83<=0.26, "Medium", "High")) -> High | P83: 107.3 | Q83: 2.56 | R83: 101 | S83: 5.67 | T83: 9.88 | U83: 3.04 | V83: 3.25 | W83: 19.56 | X83: 5.6055 | Y83: 143.8 | Z83: 185.7991 | AA83: 39.1 | AB83: 20.521037 | AC83: 4.873048 | AD83: 0.30306515 | AE83: 60.9 | AF83: 1.55 | AG83: 25.348595 | AH83: Overweight | AI83: 43.387722 | AJ83: 84.1 | AK83: Central.Obesity | AL83: Normal | AM83: No | AN83: No | AO83: Vigorous | AP83: 112 | AQ83: 73 | AR83: 1627.37 | AS83: 14.2949 | AT83: 522.573 | AU83: 707.17 | AV83: 11.2553 | AW83: 1359.48 | AX83: 2213.17 | AY83: 173.019 | AZ83: 9.47054 | BA83: 1.1049 | BB83: 2.70814 | BC83: 928.357 | BD83: 0.833102 | BE83: 1.33184 | BF83: 10.1411 | BG83: 3.85878 | BH83: 1.70396 | BI83: 308.868 | BJ83: 6.77161 | BK83: 142.413 | BL83: 2.0871494 | BM83: 0.72532025 | BN83: 0.62030211 | BO83: 0.064478064 | BP83: Abnormal | BQ83: TRUE | BR83: TRUE | BS83: TRUE | BT83: TRUE | BU83: FALSE | BV83: TRUE | BW83: 8.8158165 | BX83: 57.836353 | BY83: 9.8387172 | BZ83: 1.9634846 | CA83: 7.1600749 | CB83: 0.57592513 | CC83: 0.3539798 | CD83: =IF(CC83<=_xlfn.PERCENTILE.EXC(CC$2:CC$312, 1/3), "Low", IF(CC83<=_xlfn.PERCENTILE.EXC(CC$2:CC$312, 2/3), "Medium", "High")) -> High | CE83: =IF(CC83<MEDIAN(CC83:CC520),"antiinflamatoria","proinflamatoria") -> proinflamatoria | CF83: 39.13912 | CG83: High-fat | CH83: 0.03301015 | CI83: 0.69417986 | CJ83: 0.02814819 | CK83: 0.077165847 | CL83: 0.019817463 | CM83: 695.009 | CN83: =IF(CM83>1000, "High","low") -> low | CO83: 1078.827 | CP83: 836.843 | CQ83: 241.984 | CR83: 240.5 | CS83: 829.004 | CT83: 6.683 | CU83: 0 | CV83: 6.683 | CW83: 0.05 | CX83: 2.591 | CY83: 2.64 | CZ83: 0 | DA83: 1.48 | DB83: 184.999 | DC83: 0 | DD83: 2.52 | DE83: 0.097 | DF83: 0.689 | DG83: 0.786 | DH83: 9.462 | DI83: 0.066 | DJ83: 9.528 | DK83: 40.803 | DL83: 1.819 | DM83: 42.622 | DN83: 0.957 | DO83: 1.077 | DP83: 2.034 | DQ83: 591.211 | DR83: 235.724 | DS83: 826.935 | DT83: 0.05 | DU83: 2.591 | DV83: 2.64 | DW83: LOW | DX83: HIGH | DY83: MEDIUM | DZ83: HIGH | EA83: 427.075 | EB83: =IF(EA83<510,"low","high") -> low | EC83: 662.927 | ED83: 147.784 | EE83: 509.413 | EF83: MEDIUM | EG83: HIGH | EH83: HIGH | EI83: HIGH | EJ83: High | EK83: Never | EL83: No | EM83: Never | EN83: Under_reporter | EO83: Plausible_reporter
A84: MI_083 | B84: Medellín | C84: Female | D84: 33 | E84: 18-40 | F84: 87.6 | G84: 56 | H84: Normal | I84: 25 | J84: 101 | K84: 182 | L84: 125 | M84: 3.25 | N84: =LOG10(L84/G84) -> 0.34872199 | O84: =IF(N84<0.1,"Low", IF(N84<=0.26, "Medium", "High")) -> High | P84: 156.9 | Q84: 4.57 | R84: 88 | S84: 4.69 | T84: 7.38 | U84: 3.47 | V84: 2.1268012 | W84: 13.2 | X84: 4.884 | Y84: 143.6 | Z84: 190.75145 | AA84: 59.3 | AB84: 34.900603 | AC84: 2.86528 | AD84: 0.32584043 | AE84: 55.9 | AF84: 1.533 | AG84: 23.786333 | AH84: Normal | AI84: 38.7951 | AJ84: 79.9 | AK84: Normal | AL84: Normal | AM84: No | AN84: Yes | AO84: Light | AP84: 122 | AQ84: 77 | AR84: 1444.06 | AS84: 17.8898 | AT84: 574.976 | AU84: 887.141 | AV84: 12.0465 | AW84: 960.678 | AX84: 3253.58 | AY84: 245.279 | AZ84: 9.46472 | BA84: 1.14983 | BB84: 3.25077 | BC84: 871.923 | BD84: 1.04185 | BE84: 1.47423 | BF84: 13.9528 | BG84: 4.27542 | BH84: 1.09711 | BI84: 271.58 | BJ84: 6.71174 | BK84: 229.588 | BL84: 5.5264395 | BM84: 1.3033849 | BN84: 0.80249899 | BO84: 0.048288779 | BP84: Abnormal | BQ84: FALSE | BR84: FALSE | BS84: FALSE | BT84: TRUE | BU84: TRUE | BV84: FALSE | BW84: 20.89956 | BX84: 25.909053 | BY84: 12.099719 | BZ84: 5.7596778 | CA84: 2.7648968 | CB84: -0.44408297 | CC84: -0.30753668 | CD84: =IF(CC84<=_xlfn.PERCENTILE.EXC(CC$2:CC$312, 1/3), "Low", IF(CC84<=_xlfn.PERCENTILE.EXC(CC$2:CC$312, 2/3), "Medium", "High")) -> Low | CE84: =IF(CC84<MEDIAN(CC84:CC521),"antiinflamatoria","proinflamatoria") -> antiinflamatoria | CF84: 37.627034 | CG84: High-fat | CH84: 0.016776234 | CI84: 0.32126023 | CJ84: 0.32457827 | CK84: 0.14475316 | CL84: 0.023536343 | CM84: 2015.612 | CN84: =IF(CM84>1000, "High","low") -> High | CO84: 256.307 | CP84: 167.363 | CQ84: 88.944 | CR84: 161.112 | CS84: 84.026 | CT84: 1.735 | CU84: 0 | CV84: 1.735 | CW84: 0.052 | CX84: 9.382 | CY84: 9.434 | CZ84: 0 | DA84: 0.38 | DB84: 50.246 | DC84: 0 | DD84: 16.173 | DE84: 0.099 | DF84: 25.73 | DG84: 25.829 | DH84: 3.702 | DI84: 1.117 | DJ84: 4.82 | DK84: 49.543 | DL84: 14.501 | DM84: 64.044 | DN84: 15.444 | DO84: 14.661 | DP84: 30.105 | DQ84: 30.363 | DR84: 23.546 | DS84: 53.909 | DT84: 0.052 | DU84: 9.382 | DV84: 9.434 | DW84: HIGH | DX84: LOW | DY84: MEDIUM | DZ84: LOW | EA84: 1395.795 | EB84: =IF(EA84<510,"low","high") -> high | EC84: 177.491 | ED84: 111.569 | EE84: 58.188 | EF84: HIGH | EG84: LOW | EH84: MEDIUM | EI84: MEDIUM | EJ84: Low | EK84: Moderate drinker | EL84: No | EM84: Never | EN84: Under_reporter | EO84: Under_reporter
A85: MI_084 | B85: Medellín | C85: Men | D85: 41 | E85: 41-60 | F85: 74.7 | G85: 51 | H85: Normal | I85: 19 | J85: 93 | K85: 163 | L85: 94 | M85: 3.1960784 | N85: =LOG10(L85/G85) -> 0.26555768 | O85: =IF(N85<0.1,"Low", IF(N85<=0.26, "Medium", "High")) -> High | P85: 214.3 | Q85: 0.38 | R85: 87 | S85: 5.38 | T85: 0.77 | U85: 4.53 | V85: 0.16997793 | W85: 7.45 | X85: 4.8285 | Y85: 99.8 | Z85: 112.15657 | AA85: 104.2 | AB85: 62.548084 | AC85: 1.59877 | AD85: 0.35516335 | AE85: 57.3 | AF85: 1.677 | AG85: 20.374572 | AH85: Normal | AI85: 25.793662 | AJ85: 82.4 | AK85: Central.Obesity | AL85: Normal | AM85: No | AN85: Yes | AO85: Vigorous | AP85: 122 | AQ85: 80 | AR85: 1928.73 | AS85: 21.4552 | AT85: 650.324 | AU85: 1042.31 | AV85: 12.5911 | AW85: 1129.22 | AX85: 3829.97 | AY85: 226.384 | AZ85: 10.4441 | BA85: 2.65914 | BB85: 3.09637 | BC85: 925.034 | BD85: 1.07264 | BE85: 1.89303 | BF85: 17.6595 | BG85: 5.30066 | BH85: 1.16326 | BI85: 301.642 | BJ85: 7.10646 | BK85: 235.895 | BL85: 1.7277236 | BM85: 0.43224839 | BN85: 0.33148761 | BO85: 0 | BP85: Healthy | BQ85: FALSE | BR85: FALSE | BS85: FALSE | BT85: FALSE | BU85: FALSE | BV85: FALSE | BW85: 14.083641 | BX85: 37.308761 | BY85: 14.160176 | BZ85: 5.7476569 | CA85: 4.1813164 | CB85: -0.53728821 | CC85: -0.27853199 | CD85: =IF(CC85<=_xlfn.PERCENTILE.EXC(CC$2:CC$312, 1/3), "Low", IF(CC85<=_xlfn.PERCENTILE.EXC(CC$2:CC$312, 2/3), "Medium", "High")) -> Low | CE85: =IF(CC85<MEDIAN(CC85:CC522),"antiinflamatoria","proinflamatoria") -> antiinflamatoria | CF85: 23.296117 | CG85: High-fat | CH85: 0.072634235 | CI85: 0.36978075 | CJ85: 0.26935788 | CK85: 0.033083401 | CL85: 0.095305782 | CM85: 983.025 | CN85: =IF(CM85>1000, "High","low") -> low | CO85: 374.732 | CP85: 321.679 | CQ85: 53.053 | CR85: 244.175 | CS85: 119.432 | CT85: 1.837 | CU85: 0 | CV85: 1.837 | CW85: 0 | CX85: 9.288 | CY85: 9.288 | CZ85: 0 | DA85: 0 | DB85: 1.432 | DC85: 0 | DD85: 216.134 | DE85: 0 | DF85: 0 | DG85: 0 | DH85: 0.045 | DI85: 0.424 | DJ85: 0.469 | DK85: 13.287 | DL85: 4.534 | DM85: 17.821 | DN85: 1.909 | DO85: 5.198 | DP85: 7.107 | DQ85: 78.706 | DR85: 33.599 | DS85: 112.304 | DT85: 0 | DU85: 9.288 | DV85: 9.288 | DW85: MEDIUM | DX85: MEDIUM | DY85: MEDIUM | DZ85: MEDIUM | EA85: 509.675 | EB85: =IF(EA85<510,"low","high") -> low | EC85: 194.289 | ED85: 126.599 | EE85: 61.923 | EF85: MEDIUM | EG85: MEDIUM | EH85: MEDIUM | EI85: MEDIUM | EJ85: High | EK85: Moderate drinker | EL85: No | EM85: Never | EN85: Plausible_reporter | EO85: Plausible_reporter
A86: MI_085 | B86: Medellín | C86: Men | D86: 22 | E86: 18-40 | F86: 71.1 | G86: 61 | H86: Normal | I86: 16 | J86: 98 | K86: 175 | L86: 80 | M86: 2.8688525 | N86: =LOG10(L86/G86) -> 0.11776015 | O86: =IF(N86<0.1,"Low", IF(N86<=0.26, "Medium", "High")) -> Medium | P86: 148.8 | Q86: 0.5 | R86: 84 | S86: 5.34 | T86: 2.53 | U86: 4.43 | V86: 0.57110609 | W86: 9.06 | X86: 4.662 | Y86: 122.1 | Z86: 155.93804 | AA86: 86.8 | AB86: 53.269921 | AC86: 1.877232 | AD86: 0.34657987 | AE86: 72.2 | AF86: 1.732 | AG86: 24.068079 | AH86: Normal | AI86: 32.514416 | AJ86: 77.2 | AK86: Normal | AL86: Normal | AM86: No | AN86: No | AO86: Vigorous | AP86: 115 | AQ86: 72 | AR86: 2408.92 | AS86: 7.58171 | AT86: 1144.04 | AU86: 1455.05 | AV86: 16.2681 | AW86: 2178.67 | AX86: 4356.62 | AY86: 253.263 | AZ86: 11.2836 | BA86: 1.1593 | BB86: 2.29852 | BC86: 709.815 | BD86: 1.63676 | BE86: 2.68106 | BF86: 23.0327 | BG86: 7.51146 | BH86: 1.51368 | BI86: 367.724 | BJ86: 7.75854 | BK86: 58.0274 | BL86: 0 | BM86: 0 | BN86: 0 | BO86: 0 | BP86: Healthy | BQ86: FALSE | BR86: FALSE | BS86: FALSE | BT86: FALSE | BU86: FALSE | BV86: FALSE | BW86: 13.999409 | BX86: 9.8876112 | BY86: 9.073551 | BZ86: 3.902456 | CA86: 2.5018 | CB86: 1.2537866 | CC86: 0.52045937 | CD86: =IF(CC86<=_xlfn.PERCENTILE.EXC(CC$2:CC$312, 1/3), "Low", IF(CC86<=_xlfn.PERCENTILE.EXC(CC$2:CC$312, 2/3), "Medium", "High")) -> High | CE86: =IF(CC86<MEDIAN(CC86:CC523),"antiinflamatoria","proinflamatoria") -> proinflamatoria | CF86: 19.129534 | CG86: Normal | CH86: 0.49570594 | CI86: 0.23938377 | CJ86: 0.043997569 | CK86: 0.091958883 | CL86: 0.011996935 | CM86: 104.379 | CN86: =IF(CM86>1000, "High","low") -> low | CO86: 63.232 | CP86: 27.442 | CQ86: 35.791 | CR86: 14.081 | CS86: 46.982 | CT86: 1.444 | CU86: 0 | CV86: 1.444 | CW86: 0 | CX86: 0.726 | CY86: 0.726 | CZ86: 0 | DA86: 1.444 | DB86: 0 | DC86: 0 | DD86: 0 | DE86: 0 | DF86: 0 | DG86: 0 | DH86: 14.069 | DI86: 0 | DJ86: 14.07 | DK86: 0 | DL86: 0.011 | DM86: 0.011 | DN86: 0.144 | DO86: 0.935 | DP86: 1.08 | DQ86: 11.766 | DR86: 34.101 | DS86: 45.867 | DT86: 0 | DU86: 0.726 | DV86: 0.726 | DW86: LOW | DX86: LOW | DY86: LOW | DZ86: LOW | EA86: 43.33 | EB86: =IF(EA86<510,"low","high") -> low | EC86: 26.249 | ED86: 5.845 | EE86: 19.503 | EF86: LOW | EG86: LOW | EH86: LOW | EI86: LOW | EJ86: High | EK86: Never | EL86: No | EM86: Never | EN86: Over_reporter | EO86: Plausible_reporter
A87: MI_086 | B87: Medellín | C87: Men | D87: 56 | E87: 41-60 | F87: 98.8 | G87: 36 | H87: Low | I87: 38 | J87: 108 | K87: 182 | L87: 188 | M87: 5.0555556 | N87: =LOG10(L87/G87) -> 0.71785535 | O87: =IF(N87<0.1,"Low", IF(N87<=0.26, "Medium", "High")) -> High | P87: 223 | Q87: 2.45 | R87: 71 | S87: 6.04 | T87: 3.92 | U87: 4.93 | V87: 0.79513185 | W87: 12.65 | X87: 3.9405 | Y87: 213.6 | Z87: 574.34733 | AA87: 65.7 | AB87: 45.137828 | AC87: 2.2154367 | AD87: 0.33814866 | AE87: 83 | AF87: 1.678 | AG87: 29.47774 | AH87: Overweight | AI87: 44.51291 | AJ87: 107.6 | AK87: Central.Obesity | AL87: Abdominal obesity | AM87: Yes | AN87: Yes | AO87: Vigorous | AP87: 160 | AQ87: 90 | AR87: 2467.46 | AS87: 22.6761 | AT87: 1029.73 | AU87: 1309.37 | AV87: 14.5707 | AW87: 2011.62 | AX87: 3870.29 | AY87: 246.575 | AZ87: 10.8876 | BA87: 1.25643 | BB87: 2.63821 | BC87: 823.103 | BD87: 1.07896 | BE87: 2.2315 | BF87: 13.6145 | BG87: 5.17714 | BH87: 1.51381 | BI87: 309.736 | BJ87: 7.28432 | BK87: 263.145 | BL87: 1.2632413 | BM87: 0.95784726 | BN87: 0.26489955 | BO87: 0 | BP87: Abnormal | BQ87: TRUE | BR87: TRUE | BS87: TRUE | BT87: FALSE | BU87: FALSE | BV87: FALSE | BW87: 12.08788 | BX87: 12.047046 | BY87: 6.9339686 | BZ87: 2.2861227 | CA87: 2.1995024 | CB87: -0.29657205 | CC87: -0.12021567 | CD87: =IF(CC87<=_xlfn.PERCENTILE.EXC(CC$2:CC$312, 1/3), "Low", IF(CC87<=_xlfn.PERCENTILE.EXC(CC$2:CC$312, 2/3), "Medium", "High")) -> Medium | CE87: =IF(CC87<MEDIAN(CC87:CC524),"antiinflamatoria","proinflamatoria") -> antiinflamatoria | CF87: 32.810409 | CG87: High-fat | CH87: 0.076089192 | CI87: 0.70289961 | CJ87: 0.073004495 | CK87: 0.004994271 | CL87: 0.038632157 | CM87: 1295.209 | CN87: =IF(CM87>1000, "High","low") -> High | CO87: 404.698 | CP87: 203.201 | CQ87: 201.497 | CR87: 247.82 | CS87: 153.831 | CT87: 0.018 | CU87: 0 | CV87: 0.018 | CW87: 0 | CX87: 3.029 | CY87: 3.029 | CZ87: 0 | DA87: 0.001 | DB87: 0 | DC87: 0 | DD87: 154.756 | DE87: 0.049 | DF87: 62.038 | DG87: 62.087 | DH87: 0 | DI87: 2.257 | DJ87: 2.257 | DK87: 0.056 | DL87: 1.119 | DM87: 1.175 | DN87: 0.848 | DO87: 4.695 | DP87: 5.543 | DQ87: 19.86 | DR87: 128.291 | DS87: 148.151 | DT87: 0 | DU87: 3.029 | DV87: 3.029 | DW87: HIGH | DX87: MEDIUM | DY87: MEDIUM | DZ87: MEDIUM | EA87: 524.916 | EB87: =IF(EA87<510,"low","high") -> high | EC87: 164.014 | ED87: 100.435 | EE87: 62.344 | EF87: MEDIUM | EG87: LOW | EH87: MEDIUM | EI87: MEDIUM | EJ87: High | EK87: Moderate drinker | EL87: Yes | EM87: Current | EN87: Over_reporter | EO87: Over_reporter
A88: MI_087 | B88: Medellín | C88: Men | D88: 45 | E88: 41-60 | F88: 105 | G88: 46 | H88: Normal | I88: 27 | J88: 109 | K88: 182 | L88: 135 | M88: 3.9565217 | N88: =LOG10(L88/G88) -> 0.46757594 | O88: =IF(N88<0.1,"Low", IF(N88<=0.26, "Medium", "High")) -> High | P88: 126.4 | Q88: 0.33 | R88: 78 | S88: 5.41 | T88: 0.72 | U88: 4.96 | V88: 0.14516129 | W88: 5.36 | X88: 4.329 | Y88: 99.7 | Z88: 129.31242 | AA88: 148.7 | AB88: 96.968381 | AC88: 1.031264 | AD88: 0.38092486 | AE88: 68.2 | AF88: 1.689 | AG88: 23.907 | AH88: Normal | AI88: 36.964733 | AJ88: 94.8 | AK88: Central.Obesity | AL88: Abdominal obesity | AM88: No | AN88: Yes | AO88: Moderate | AP88: 100 | AQ88: 69 | AR88: 1801.09 | AS88: 10.3593 | AT88: 646.871 | AU88: 964.003 | AV88: 12.2062 | AW88: 1042.95 | AX88: 2915.03 | AY88: 193.675 | AZ88: 10.5716 | BA88: 1.19844 | BB88: 2.66208 | BC88: 661.303 | BD88: 0.94455 | BE88: 1.45434 | BF88: 11.5064 | BG88: 4.55186 | BH88: 1.01881 | BI88: 256.677 | BJ88: 7.24846 | BK88: 149.625 | BL88: 1.2691393 | BM88: 0.12263643 | BN88: 0.1499259 | BO88: 0.021325066 | BP88: Healthy | BQ88: FALSE | BR88: FALSE | BS88: FALSE | BT88: FALSE | BU88: FALSE | BV88: FALSE | BW88: 8.4344054 | BX88: 28.716435 | BY88: 15.439017 | BZ88: 4.1533619 | CA88: 5.5224805 | CB88: 1.2650044 | CC88: 0.70238999 | CD88: =IF(CC88<=_xlfn.PERCENTILE.EXC(CC$2:CC$312, 1/3), "Low", IF(CC88<=_xlfn.PERCENTILE.EXC(CC$2:CC$312, 2/3), "Medium", "High")) -> High | CE88: =IF(CC88<MEDIAN(CC88:CC525),"antiinflamatoria","proinflamatoria") -> proinflamatoria | CF88: 28.367089 | CG88: High-fat | CH88: 0.009070084 | CI88: 0.27049282 | CJ88: 0.061354631 | CK88: 0.30565874 | CL88: 0.13301758 | CM88: 566.507 | CN88: =IF(CM88>1000, "High","low") -> low | CO88: 62.537 | CP88: 55.62 | CQ88: 6.918 | CR88: 34.435 | CS88: 25.836 | CT88: 0 | CU88: 0 | CV88: 0 | CW88: 0 | CX88: 2.267 | CY88: 2.267 | CZ88: 0 | DA88: 0 | DB88: 0 | DC88: 0 | DD88: 34.392 | DE88: 0 | DF88: 0 | DG88: 0 | DH88: 0 | DI88: 0.001 | DJ88: 0.001 | DK88: 0 | DL88: 0.041 | DM88: 0.041 | DN88: 0.168 | DO88: 0.384 | DP88: 0.552 | DQ88: 21.059 | DR88: 4.224 | DS88: 25.283 | DT88: 0 | DU88: 2.267 | DV88: 2.267 | DW88: LOW | DX88: LOW | DY88: LOW | DZ88: LOW | EA88: 314.536 | EB88: =IF(EA88<510,"low","high") -> low | EC88: 34.722 | ED88: 19.119 | EE88: 14.344 | EF88: LOW | EG88: LOW | EH88: LOW | EI88: LOW | EJ88: Moderate | EK88: Moderate drinker | EL88: No | EM88: Never | EN88: Plausible_reporter | EO88: Plausible_reporter
A89: MI_088 | B89: Medellín | C89: Men | D89: 53 | E89: 41-60 | F89: 73.3 | G89: 32 | H89: Low | I89: 22 | J89: 81 | K89: 135 | L89: 109 | M89: 4.21875 | N89: =LOG10(L89/G89) -> 0.53227652 | O89: =IF(N89<0.1,"Low", IF(N89<=0.26, "Medium", "High")) -> High | P89: 172.4 | Q89: 1.5 | R89: 91 | S89: 5.73 | T89: 6.26 | U89: 4.37 | V89: 1.4324943 | W89: 16.73 | X89: 5.0505 | Y89: 157.9 | Z89: 215.80135 | AA89: 46.7 | AB89: 26.628837 | AC89: 3.7553273 | AD89: 0.31382713 | AE89: 98.2 | AF89: 1.769 | AG89: 31.380208 | AH89: Obesity | AI89: 45.10258 | AJ89: 114.5 | AK89: Central.Obesity | AL89: Abdominal obesity | AM89: Yes | AN89: Yes | AO89: Vigorous | AP89: 123 | AQ89: 80 | AR89: 1562.5 | AS89: 17.8879 | AT89: 623.048 | AU89: 1064.83 | AV89: 12.8438 | AW89: 1384.59 | AX89: 2292.63 | AY89: 213.958 | AZ89: 10.9311 | BA89: 1.5055 | BB89: 2.7943 | BC89: 818.746 | BD89: 1.00482 | BE89: 1.86111 | BF89: 13.755 | BG89: 4.58691 | BH89: 1.12587 | BI89: 357.638 | BJ89: 7.33376 | BK89: 146.747 | BL89: 2.3365218 | BM89: 0.58998666 | BN89: 0.30927898 | BO89: 0.10133947 | BP89: Abnormal | BQ89: FALSE | BR89: FALSE | BS89: TRUE | BT89: FALSE | BU89: FALSE | BV89: TRUE | BW89: 15.153901 | BX89: 16.514176 | BY89: 9.2783683 | BZ89: 3.2790216 | CA89: 2.4076668 | CB89: 0.19072127 | CC89: 0.12202257 | CD89: =IF(CC89<=_xlfn.PERCENTILE.EXC(CC$2:CC$312, 1/3), "Low", IF(CC89<=_xlfn.PERCENTILE.EXC(CC$2:CC$312, 2/3), "Medium", "High")) -> Medium | CE89: =IF(CC89<MEDIAN(CC89:CC526),"antiinflamatoria","proinflamatoria") -> proinflamatoria | CF89: 33.100437 | CG89: High-fat | CH89: 0.01376 | CI89: 0.072343704 | CJ89: 0.008462222 | CK89: 0.38933333 | CL89: 0.33620148 | CM89: 272.094 | CN89: =IF(CM89>1000, "High","low") -> low | CO89: 183.726 | CP89: 133.197 | CQ89: 50.528 | CR89: 55.333 | CS89: 124.915 | CT89: 0 | CU89: 0 | CV89: 0 | CW89: 0 | CX89: 3.478 | CY89: 3.478 | CZ89: 0 | DA89: 0 | DB89: 0 | DC89: 0 | DD89: 35.114 | DE89: 0.17 | DF89: 13.043 | DG89: 13.213 | DH89: 0.078 | DI89: 0.55 | DJ89: 0.628 | DK89: 5.041 | DL89: 1.325 | DM89: 6.366 | DN89: 0.118 | DO89: 1.517 | DP89: 1.635 | DQ89: 92.65 | DR89: 30.601 | DS89: 123.251 | DT89: 0 | DU89: 3.478 | DV89: 3.478 | DW89: LOW | DX89: LOW | DY89: MEDIUM | DZ89: MEDIUM | EA89: 174.14 | EB89: =IF(EA89<510,"low","high") -> low | EC89: 117.584 | ED89: 35.413 | EE89: 79.945 | EF89: LOW | EG89: LOW | EH89: MEDIUM | EI89: MEDIUM | EJ89: High | EK89: Moderate drinker | EL89: Yes | EM89: Former | EN89: Under_reporter | EO89: Under_reporter
A90: MI_089 | B90: Medellín | C90: Female | D90: 44 | E90: 41-60 | F90: 80.8 | G90: 49 | H90: Normal | I90: 22 | J90: 107 | K90: 178 | L90: 108 | M90: 3.6326531 | N90: =LOG10(L90/G90) -> 0.34322768 | O90: =IF(N90<0.1,"Low", IF(N90<=0.26, "Medium", "High")) -> High | P90: 194.3 | Q90: 3.24 | R90: 77 | S90: 5.22 | T90: 9.32 | U90: 6.73 | V90: 1.384844 | W90: 7.53 | X90: 4.2735 | Y90: 128.4 | Z90: 194.69942 | AA90: 106.7 | AB90: 69.920389 | AC90: 1.430198 | AD90: 0.36137403 | AE90: 75.5 | AF90: 1.645 | AG90: 27.900703 | AH90: Overweight | AI90: 38.730157 | AJ90: 88.8 | AK90: Central.Obesity | AL90: Abdominal obesity | AM90: No | AN90: Yes | AO90: Vigorous | AP90: 101 | AQ90: 59 | AR90: 1386.8 | AS90: 18.5098 | AT90: 308.836 | AU90: 541.817 | AV90: 10.2837 | AW90: 973.66 | AX90: 2506.69 | AY90: 175.822 | AZ90: 9.04043 | BA90: 0.979434 | BB90: 2.36589 | BC90: 628.783 | BD90: 0.858705 | BE90: 1.47678 | BF90: 10.456 | BG90: 4.163 | BH90: 1.4841 | BI90: 312.721 | BJ90: 6.4018 | BK90: 226.694 | BL90: 0 | BM90: 0 | BN90: 0 | BO90: 0 | BP90: Abnormal | BQ90: FALSE | BR90: FALSE | BS90: TRUE | BT90: FALSE | BU90: TRUE | BV90: FALSE | BW90: 19.549701 | BX90: 23.121156 | BY90: 17.645856 | BZ90: 15.254423 | CA90: 4.7650782 | CB90: -0.27116157 | CC90: -0.19550222 | CD90: =IF(CC90<=_xlfn.PERCENTILE.EXC(CC$2:CC$312, 1/3), "Low", IF(CC90<=_xlfn.PERCENTILE.EXC(CC$2:CC$312, 2/3), "Medium", "High")) -> Low | CE90: =IF(CC90<MEDIAN(CC90:CC527),"antiinflamatoria","proinflamatoria") -> antiinflamatoria | CF90: 38.95045 | CG90: High-fat | CH90: 0.102179 | CI90: 0.1636095 | CJ90: 0.05917354 | CK90: 0.25836103 | CL90: 0.25565267 | CM90: 1804.475 | CN90: =IF(CM90>1000, "High","low") -> High | CO90: 469.054 | CP90: 151.52 | CQ90: 317.534 | CR90: 345.303 | CS90: 92.238 | CT90: 0.009 | CU90: 0 | CV90: 0.009 | CW90: 0 | CX90: 31.504 | CY90: 31.504 | CZ90: 0 | DA90: 0 | DB90: 0.277 | DC90: 0 | DD90: 125.303 | DE90: 0 | DF90: 217.312 | DG90: 217.312 | DH90: 0 | DI90: 0.001 | DJ90: 0.001 | DK90: 1.432 | DL90: 0.979 | DM90: 2.411 | DN90: 0.785 | DO90: 1.76 | DP90: 2.545 | DQ90: 23.675 | DR90: 65.94 | DS90: 89.615 | DT90: 0 | DU90: 31.504 | DV90: 31.504 | DW90: HIGH | DX90: MEDIUM | DY90: HIGH | DZ90: LOW | EA90: 1301.179 | EB90: =IF(EA90<510,"low","high") -> high | EC90: 338.228 | ED90: 248.993 | EE90: 66.511 | EF90: HIGH | EG90: MEDIUM | EH90: HIGH | EI90: MEDIUM | EJ90: High | EK90: Moderate drinker | EL90: No | EM90: Never | EN90: Under_reporter | EO90: Under_reporter
A91: MI_090 | B91: Medellín | C91: Female | D91: 34 | E91: 18-40 | F91: 66.8 | G91: 54 | H91: Normal | I91: 8 | J91: 73 | K91: 135 | L91: 42 | M91: 2.5 | N91: =LOG10(L91/G91) -> -0.10914447 | O91: =IF(N91<0.1,"Low", IF(N91<=0.26, "Medium", "High")) -> Low | P91: 178.3 | Q91: 0.82 | R91: 74 | S91: 4.78 | T91: 8.33 | U91: 5.61 | V91: 1.4848485 | W91: 13.5 | X91: 4.107 | Y91: 205.4 | Z91: 444.81054 | AA91: 60.9 | AB91: 40.581122 | AC91: 2.4642 | AD91: 0.33294536 | AE91: 53 | AF91: 1.55 | AG91: 22.060354 | AH91: Normal | AI91: 34.725534 | AJ91: 73.4 | AK91: Normal | AL91: Normal | AM91: No | AN91: Yes | AO91: Vigorous | AP91: 108 | AQ91: 69 | AR91: 2201.95 | AS91: 13.0193 | AT91: 561.176 | AU91: 946.956 | AV91: 11.7368 | AW91: 1478.84 | AX91: 2622.23 | AY91: 220.864 | AZ91: 10.4035 | BA91: 1.15123 | BB91: 2.76498 | BC91: 589.086 | BD91: 1.00482 | BE91: 1.53378 | BF91: 15.4146 | BG91: 4.98845 | BH91: 1.56193 | BI91: 271.15 | BJ91: 7.08703 | BK91: 107.211 | BL91: 5.4383861 | BM91: 1.2001444 | BN91: 0.49556752 | BO91: 0.075420928 | BP91: Healthy | BQ91: FALSE | BR91: FALSE | BS91: FALSE | BT91: FALSE | BU91: FALSE | BV91: FALSE | BW91: 14.553491 | BX91: 24.965344 | BY91: 12.346652 | BZ91: 9.2531891 | CA91: 3.1497629 | CB91: 1.5649214 | CC91: 0.71068183 | CD91: =IF(CC91<=_xlfn.PERCENTILE.EXC(CC$2:CC$312, 1/3), "Low", IF(CC91<=_xlfn.PERCENTILE.EXC(CC$2:CC$312, 2/3), "Medium", "High")) -> High | CE91: =IF(CC91<MEDIAN(CC91:CC528),"antiinflamatoria","proinflamatoria") -> proinflamatoria | CF91: 33.765668 | CG91: High-fat | CH91: 0.081958326 | CI91: 0.11007962 | CJ91: 0.062849399 | CK91: 0.10526851 | CL91: 0.44587498 | CM91: 858.821 | CN91: =IF(CM91>1000, "High","low") -> low | CO91: 750.906 | CP91: 490.786 | CQ91: 260.12 | CR91: 4.906 | CS91: 730.634 | CT91: 10.307 | CU91: 0 | CV91: 10.307 | CW91: 0 | CX91: 5.06 | CY91: 5.06 | CZ91: 0 | DA91: 5.657 | DB91: 0 | DC91: 0 | DD91: 0 | DE91: 0 | DF91: 0 | DG91: 0 | DH91: 4.806 | DI91: 0.003 | DJ91: 4.809 | DK91: 0 | DL91: 0.096 | DM91: 0.096 | DN91: 0.237 | DO91: 1.258 | DP91: 1.495 | DQ91: 475.409 | DR91: 253.674 | DS91: 729.083 | DT91: 0 | DU91: 5.06 | DV91: 5.06 | DW91: MEDIUM | DX91: HIGH | DY91: LOW | DZ91: HIGH | EA91: 390.028 | EB91: =IF(EA91<510,"low","high") -> low | EC91: 341.019 | ED91: 2.228 | EE91: 331.812 | EF91: LOW | EG91: MEDIUM | EH91: LOW | EI91: HIGH | EJ91: High | EK91: Moderate drinker | EL91: No | EM91: Never | EN91: Plausible_reporter | EO91: Plausible_reporter
